orderID,customerID,employeeID,orderDate,requiredDate,shippedDate,shipperID,freight,Order_Year,Month Name,Month Number,Day Name,Day of Week
10248,VINET,5,07-04-2013,08-01-2013,7/16/2013,3,32.38,2014,Jan,1,Fri,5
10249,TOMSP,6,07-05-2013,8/16/2013,07-10-2013,1,11.61,2014,Jan,1,Thu,4
10250,HANAR,4,07-08-2013,08-05-2013,07-12-2013,2,65.83,2014,Jan,1,Fri,5
10251,VICTE,3,07-08-2013,08-05-2013,7/15/2013,1,41.34,2014,Jan,1,Mon,1
10252,SUPRD,4,07-09-2013,08-06-2013,07-11-2013,2,51.3,2014,Jan,1,Mon,1
10253,HANAR,3,07-10-2013,7/24/2013,7/16/2013,2,58.17,2014,Jan,1,Mon,1
10254,CHOPS,5,07-11-2013,08-08-2013,7/23/2013,2,22.98,2014,Jan,1,Thu,4
10255,RICSU,9,07-12-2013,08-09-2013,7/15/2013,3,148.33,2014,Jan,1,Thu,4
10256,WELLI,3,7/15/2013,08-12-2013,7/17/2013,2,13.97,2014,Feb,2,Mon,1
10257,HILAA,4,7/16/2013,8/13/2013,7/22/2013,3,81.91,2014,Feb,2,Fri,5
10258,ERNSH,1,7/17/2013,8/14/2013,7/23/2013,1,140.51,2014,Feb,2,Mon,1
10259,CENTC,4,7/18/2013,8/15/2013,7/25/2013,3,3.25,2014,Feb,2,Wed,3
10260,OTTIK,4,7/19/2013,8/16/2013,7/29/2013,1,55.09,2014,Feb,2,Fri,5
10261,QUEDE,4,7/19/2013,8/16/2013,7/30/2013,2,3.05,2014,Feb,2,Thu,4
10262,RATTC,8,7/22/2013,8/19/2013,7/25/2013,3,48.29,2014,Mar,3,Tue,2
10263,ERNSH,9,7/23/2013,8/20/2013,7/31/2013,3,146.06,2014,Mar,3,Thu,4
10264,FOLKO,6,7/24/2013,8/21/2013,8/23/2013,3,3.67,2014,Mar,3,Tue,2
10265,BLONP,2,7/25/2013,8/22/2013,08-12-2013,1,55.28,2014,Mar,3,Tue,2
10266,WARTH,3,7/26/2013,09-06-2013,7/31/2013,3,25.73,2014,Apr,4,Wed,3
10267,FRANK,4,7/29/2013,8/26/2013,08-06-2013,1,208.58,2014,Apr,4,Wed,3
10268,GROSR,8,7/30/2013,8/27/2013,08-02-2013,3,66.29,2014,Apr,4,Tue,2
10269,WHITC,5,7/31/2013,8/14/2013,08-09-2013,1,4.56,2014,Apr,4,Fri,5
10270,WARTH,1,08-01-2013,8/29/2013,08-02-2013,1,136.54,2014,Apr,4,Thu,4
10271,SPLIR,6,08-01-2013,8/29/2013,8/30/2013,2,4.54,2014,Apr,4,Fri,5
10272,RATTC,6,08-02-2013,8/30/2013,08-06-2013,2,98.03,2014,Apr,4,Fri,5
10273,QUICK,3,08-05-2013,09-02-2013,08-12-2013,3,76.07,2014,Apr,4,Wed,3
10274,VINET,6,08-06-2013,09-03-2013,8/16/2013,1,6.01,2014,May,5,Mon,1
10275,MAGAA,1,08-07-2013,09-04-2013,08-09-2013,1,26.93,2014,May,5,Tue,2
10276,TORTU,8,08-08-2013,8/22/2013,8/14/2013,3,13.84,2014,May,5,Wed,3
10277,MORGK,2,08-09-2013,09-06-2013,8/13/2013,3,125.77,2014,May,5,Wed,3
10278,BERGS,8,08-12-2013,09-09-2013,8/16/2013,2,92.69,2014,May,5,Fri,5
10279,LEHMS,8,8/13/2013,09-10-2013,8/16/2013,2,25.83,2014,Jun,6,Tue,2
10280,BERGS,2,8/14/2013,09-11-2013,09-12-2013,1,8.98,2014,Jun,6,Thu,4
10281,ROMEY,4,8/14/2013,8/28/2013,8/21/2013,1,2.94,2014,Jun,6,Tue,2
10282,ROMEY,4,8/15/2013,09-12-2013,8/21/2013,1,12.69,2014,Jun,6,Thu,4
10283,LILAS,3,8/16/2013,9/13/2013,8/23/2013,3,84.81,2014,Jun,6,Mon,1
10284,LEHMS,4,8/19/2013,9/16/2013,8/27/2013,1,76.56,2014,Jul,7,Mon,1
10285,QUICK,1,8/20/2013,9/17/2013,8/26/2013,2,76.83,2014,Jul,7,Wed,3
10286,QUICK,8,8/21/2013,9/18/2013,8/30/2013,3,229.24,2014,Jul,7,Tue,2
10287,RICAR,8,8/22/2013,9/19/2013,8/28/2013,3,12.76,2014,Jul,7,Wed,3
10288,REGGC,4,8/23/2013,9/20/2013,09-03-2013,1,7.45,2014,Jul,7,Tue,2
10289,BSBEV,7,8/26/2013,9/23/2013,8/28/2013,3,22.77,2014,Jul,7,Thu,4
10290,COMMI,8,8/27/2013,9/24/2013,09-03-2013,1,79.7,2014,Aug,8,Tue,2
10291,QUEDE,6,8/27/2013,9/24/2013,09-04-2013,2,6.4,2014,Aug,8,Wed,3
10292,TRADH,1,8/28/2013,9/25/2013,09-02-2013,2,1.35,2014,Aug,8,Thu,4
10293,TORTU,1,8/29/2013,9/26/2013,09-11-2013,3,21.18,2014,Aug,8,Tue,2
10294,RATTC,4,8/30/2013,9/27/2013,09-05-2013,2,147.26,2014,Aug,8,Tue,2
10295,VINET,2,09-02-2013,9/30/2013,09-10-2013,2,1.15,2014,Aug,8,Fri,5
10296,LILAS,6,09-03-2013,10-01-2013,09-11-2013,1,0.12,2014,Aug,8,Tue,2
10297,BLONP,5,09-04-2013,10/16/2013,09-10-2013,2,5.74,2014,Aug,8,Thu,4
10298,HUNGO,6,09-05-2013,10-03-2013,09-11-2013,2,168.22,2014,Aug,8,Fri,5
10299,RICAR,4,09-06-2013,10-04-2013,9/13/2013,2,29.76,2014,Aug,8,Tue,2
10300,MAGAA,2,09-09-2013,10-07-2013,9/18/2013,2,17.68,2014,Aug,8,Wed,3
10301,WANDK,8,09-09-2013,10-07-2013,9/17/2013,2,45.08,2014,Sep,9,Mon,1
10302,SUPRD,4,09-10-2013,10-08-2013,10-09-2013,2,6.27,2014,Sep,9,Fri,5
10303,GODOS,7,09-11-2013,10-09-2013,9/18/2013,2,107.83,2014,Sep,9,Tue,2
10304,TORTU,1,09-12-2013,10-10-2013,9/17/2013,2,63.79,2014,Sep,9,Thu,4
10305,OLDWO,8,9/13/2013,10-11-2013,10-09-2013,3,257.62,2014,Sep,9,Mon,1
10306,ROMEY,1,9/16/2013,10/14/2013,9/23/2013,3,7.56,2014,Oct,10,Wed,3
10307,LONEP,2,9/17/2013,10/15/2013,9/25/2013,2,0.56,2014,Oct,10,Fri,5
10308,ANATR,7,9/18/2013,10/16/2013,9/24/2013,3,1.61,2014,Oct,10,Thu,4
10309,HUNGO,3,9/19/2013,10/17/2013,10/23/2013,1,47.3,2014,Oct,10,Mon,1
10310,THEBI,8,9/20/2013,10/18/2013,9/27/2013,2,17.52,2014,Oct,10,Thu,4
10311,DUMON,1,9/20/2013,10-04-2013,9/26/2013,3,24.69,2014,Oct,10,Fri,5
10312,WANDK,2,9/23/2013,10/21/2013,10-03-2013,2,40.26,2014,Oct,10,Fri,5
10313,QUICK,2,9/24/2013,10/22/2013,10-04-2013,2,1.96,2014,Nov,11,Mon,1
10314,RATTC,1,9/25/2013,10/23/2013,10-04-2013,2,74.16,2014,Nov,11,Tue,2
10315,ISLAT,4,9/26/2013,10/24/2013,10-03-2013,2,41.76,2014,Nov,11,Thu,4
10316,RATTC,1,9/27/2013,10/25/2013,10-08-2013,3,150.15,2014,Nov,11,Fri,5
10317,LONEP,6,9/30/2013,10/28/2013,10-10-2013,1,12.69,2014,Nov,11,Thu,4
10318,ISLAT,8,10-01-2013,10/29/2013,10-04-2013,2,4.73,2014,Nov,11,Wed,3
10319,TORTU,7,10-02-2013,10/30/2013,10-11-2013,3,64.5,2014,Dec,12,Mon,1
10320,WARTH,5,10-03-2013,10/17/2013,10/18/2013,3,34.57,2014,Dec,12,Fri,5
10321,ISLAT,3,10-03-2013,10/31/2013,10-11-2013,2,3.43,2014,Dec,12,Fri,5
10322,PERIC,7,10-04-2013,11-01-2013,10/23/2013,3,0.4,2014,Dec,12,Thu,4
10323,KOENE,4,10-07-2013,11-04-2013,10/14/2013,1,4.88,2014,Dec,12,Thu,4
10324,SAVEA,9,10-08-2013,11-05-2013,10-10-2013,1,214.27,2014,Dec,12,Thu,4
10325,KOENE,1,10-09-2013,10/23/2013,10/14/2013,3,64.86,2014,Dec,12,Mon,1
10326,BOLID,4,10-10-2013,11-07-2013,10/14/2013,2,77.92,2014,Dec,12,Mon,1
10327,FOLKO,2,10-11-2013,11-08-2013,10/14/2013,1,63.36,2014,Dec,12,Tue,2
10328,FURIB,4,10/14/2013,11-11-2013,10/17/2013,3,87.03,2014,Dec,12,Wed,3
10329,SPLIR,4,10/15/2013,11/26/2013,10/23/2013,2,191.67,2014,Jan,1,Thu,4
10330,LILAS,3,10/16/2013,11/13/2013,10/28/2013,1,12.75,2014,Jan,1,Fri,5
10331,BONAP,9,10/16/2013,11/27/2013,10/21/2013,1,10.19,2014,Jan,1,Tue,2
10332,MEREP,3,10/17/2013,11/28/2013,10/21/2013,2,52.84,2014,Jan,1,Wed,3
10333,WARTH,5,10/18/2013,11/15/2013,10/25/2013,3,0.59,2014,Jan,1,Tue,2
10334,VICTE,8,10/21/2013,11/18/2013,10/28/2013,2,8.56,2014,Jan,1,Wed,3
10335,HUNGO,7,10/22/2013,11/19/2013,10/24/2013,2,42.11,2014,Jan,1,Fri,5
10336,PRINI,7,10/23/2013,11/20/2013,10/25/2013,2,15.51,2014,Feb,2,Mon,1
10337,FRANK,4,10/24/2013,11/21/2013,10/29/2013,3,108.26,2014,Feb,2,Mon,1
10338,OLDWO,4,10/25/2013,11/22/2013,10/29/2013,3,84.21,2014,Feb,2,Wed,3
10339,MEREP,2,10/28/2013,11/25/2013,11-04-2013,2,15.66,2014,Feb,2,Thu,4
10340,BONAP,1,10/29/2013,11/26/2013,11-08-2013,3,166.31,2014,Feb,2,Mon,1
10341,SIMOB,7,10/29/2013,11/26/2013,11-05-2013,3,26.78,2014,Feb,2,Tue,2
10342,FRANK,4,10/30/2013,11/13/2013,11-04-2013,2,54.83,2014,Feb,2,Wed,3
10343,LEHMS,4,10/31/2013,11/28/2013,11-06-2013,1,110.37,2014,Feb,2,Thu,4
10344,WHITC,4,11-01-2013,11/29/2013,11-05-2013,2,23.29,2014,Feb,2,Tue,2
10345,QUICK,2,11-04-2013,12-02-2013,11-11-2013,2,249.06,2014,Mar,3,Fri,5
10346,RATTC,3,11-05-2013,12/17/2013,11-08-2013,3,142.08,2014,Mar,3,Wed,3
10347,FAMIA,4,11-06-2013,12-04-2013,11-08-2013,3,3.1,2014,Mar,3,Mon,1
10348,WANDK,4,11-07-2013,12-05-2013,11/15/2013,2,0.78,2014,Apr,4,Tue,2
10349,SPLIR,7,11-08-2013,12-06-2013,11/15/2013,1,8.63,2014,Apr,4,Thu,4
10350,LAMAI,6,11-11-2013,12-09-2013,12-03-2013,2,64.19,2014,Apr,4,Mon,1
10351,ERNSH,1,11-11-2013,12-09-2013,11/20/2013,1,162.33,2014,Apr,4,Tue,2
10352,FURIB,3,11-12-2013,11/26/2013,11/18/2013,3,1.3,2014,Apr,4,Thu,4
10353,PICCO,7,11/13/2013,12-11-2013,11/25/2013,3,360.63,2014,May,5,Thu,4
10354,PERIC,8,11/14/2013,12-12-2013,11/20/2013,3,53.8,2014,May,5,Wed,3
10355,AROUT,6,11/15/2013,12/13/2013,11/20/2013,1,41.95,2014,May,5,Mon,1
10356,WANDK,6,11/18/2013,12/16/2013,11/27/2013,2,36.71,2014,May,5,Fri,5
10357,LILAS,1,11/19/2013,12/17/2013,12-02-2013,3,34.88,2014,May,5,Mon,1
10358,LAMAI,5,11/20/2013,12/18/2013,11/27/2013,1,19.64,2014,Jun,6,Fri,5
10359,SEVES,5,11/21/2013,12/19/2013,11/26/2013,3,288.43,2014,Jun,6,Tue,2
10360,BLONP,4,11/22/2013,12/20/2013,12-02-2013,3,131.7,2014,Jun,6,Wed,3
10361,QUICK,1,11/22/2013,12/20/2013,12-03-2013,2,183.17,2014,Jun,6,Mon,1
10362,BONAP,3,11/25/2013,12/23/2013,11/28/2013,1,96.04,2014,Jun,6,Thu,4
10363,DRACD,4,11/26/2013,12/24/2013,12-04-2013,3,30.54,2014,Jun,6,Fri,5
10364,EASTC,1,11/26/2013,01-07-2014,12-04-2013,1,71.97,2014,Jul,7,Tue,2
10365,ANTON,3,11/27/2013,12/25/2013,12-02-2013,2,22,2014,Jul,7,Wed,3
10366,GALED,8,11/28/2013,01-09-2014,12/30/2013,2,10.14,2014,Aug,8,Mon,1
10367,VAFFE,7,11/28/2013,12/26/2013,12-02-2013,3,13.55,2014,Aug,8,Fri,5
10368,ERNSH,2,11/29/2013,12/27/2013,12-02-2013,2,101.95,2014,Aug,8,Wed,3
10369,SPLIR,8,12-02-2013,12/30/2013,12-09-2013,2,195.68,2014,Aug,8,Mon,1
10370,CHOPS,6,12-03-2013,12/31/2013,12/27/2013,2,1.17,2014,Sep,9,Tue,2
10371,LAMAI,1,12-03-2013,12/31/2013,12/24/2013,1,0.45,2014,Sep,9,Thu,4
10372,QUEEN,5,12-04-2013,01-01-2014,12-09-2013,2,890.78,2014,Sep,9,Thu,4
10373,HUNGO,4,12-05-2013,01-02-2014,12-11-2013,3,124.12,2014,Sep,9,Fri,5
10374,WOLZA,1,12-05-2013,01-02-2014,12-09-2013,3,3.94,2014,Oct,10,Mon,1
10375,HUNGC,3,12-06-2013,01-03-2014,12-09-2013,2,20.12,2014,Oct,10,Wed,3
10376,MEREP,1,12-09-2013,01-06-2014,12/13/2013,2,20.39,2014,Oct,10,Thu,4
10377,SEVES,1,12-09-2013,01-06-2014,12/13/2013,3,22.21,2014,Oct,10,Fri,5
10378,FOLKO,5,12-10-2013,01-07-2014,12/19/2013,3,5.44,2014,Oct,10,Tue,2
10379,QUEDE,2,12-11-2013,01-08-2014,12/13/2013,1,45.03,2014,Oct,10,Thu,4
10380,HUNGO,8,12-12-2013,01-09-2014,1/16/2014,3,35.03,2014,Oct,10,Thu,4
10381,LILAS,3,12-12-2013,01-09-2014,12/13/2013,3,7.99,2014,Nov,11,Thu,4
10382,ERNSH,4,12/13/2013,01-10-2014,12/16/2013,1,94.77,2014,Nov,11,Wed,3
10383,AROUT,8,12/16/2013,1/13/2014,12/18/2013,3,34.24,2014,Nov,11,Fri,5
10384,BERGS,3,12/16/2013,1/13/2014,12/20/2013,3,168.64,2014,Nov,11,Thu,4
10385,SPLIR,1,12/17/2013,1/14/2014,12/23/2013,2,30.96,2014,Nov,11,Mon,1
10386,FAMIA,9,12/18/2013,01-01-2014,12/25/2013,3,13.99,2014,Nov,11,Tue,2
10387,SANTG,1,12/18/2013,1/15/2014,12/20/2013,2,93.63,2014,Nov,11,Fri,5
10388,SEVES,2,12/19/2013,1/16/2014,12/20/2013,1,34.86,2014,Nov,11,Fri,5
10389,BOTTM,4,12/20/2013,1/17/2014,12/24/2013,2,47.42,2014,Dec,12,Tue,2
10390,ERNSH,6,12/23/2013,1/20/2014,12/26/2013,1,126.38,2014,Dec,12,Wed,3
10391,DRACD,3,12/23/2013,1/20/2014,12/31/2013,3,5.45,2014,Dec,12,Thu,4
10392,PICCO,2,12/24/2013,1/21/2014,01-01-2014,3,122.46,2014,Dec,12,Mon,1
10393,SAVEA,1,12/25/2013,1/22/2014,01-03-2014,3,126.56,2014,Dec,12,Mon,1
10394,HUNGC,1,12/25/2013,1/22/2014,01-03-2014,3,30.34,2014,Dec,12,Wed,3
10395,HILAA,6,12/26/2013,1/23/2014,01-03-2014,1,184.41,2014,Dec,12,Tue,2
10396,FRANK,1,12/27/2013,01-10-2014,01-06-2014,3,135.35,2014,Dec,12,Tue,2
10397,PRINI,5,12/27/2013,1/24/2014,01-02-2014,1,60.26,2014,Dec,12,Wed,3
10398,SAVEA,2,12/30/2013,1/27/2014,01-09-2014,3,89.16,2014,Dec,12,Thu,4
10399,VAFFE,8,12/31/2013,1/14/2014,01-08-2014,3,27.36,2014,Dec,12,Wed,3
10400,EASTC,1,01-01-2014,1/29/2014,1/16/2014,3,83.93,2014,Jan,1,Wed,3
10401,RATTC,1,01-01-2014,1/29/2014,01-10-2014,1,12.51,2014,Jan,1,Wed,3
10402,ERNSH,8,01-02-2014,2/13/2014,01-10-2014,2,67.88,2014,Jan,1,Thu,4
10403,ERNSH,4,01-03-2014,1/31/2014,01-09-2014,3,73.79,2014,Jan,1,Fri,5
10404,MAGAA,2,01-03-2014,1/31/2014,01-08-2014,1,155.97,2014,Jan,1,Mon,1
10405,LINOD,1,01-06-2014,02-03-2014,1/22/2014,1,34.82,2014,Jan,1,Tue,2
10406,QUEEN,7,01-07-2014,2/18/2014,1/13/2014,1,108.04,2014,Jan,1,Tue,2
10407,OTTIK,2,01-07-2014,02-04-2014,1/30/2014,2,91.48,2014,Jan,1,Wed,3
10408,FOLIG,8,01-08-2014,02-05-2014,1/14/2014,1,11.26,2014,Jan,1,Fri,5
10409,OCEAN,3,01-09-2014,02-06-2014,1/14/2014,1,29.83,2014,Jan,1,Mon,1
10410,BOTTM,3,01-10-2014,02-07-2014,1/15/2014,3,2.4,2014,Jan,1,Tue,2
10411,BOTTM,9,01-10-2014,02-07-2014,1/21/2014,3,23.65,2014,Jan,1,Thu,4
10412,WARTH,8,1/13/2014,02-10-2014,1/15/2014,2,3.77,2014,Jan,1,Tue,2
10413,LAMAI,3,1/14/2014,02-11-2014,1/16/2014,2,95.66,2014,Jan,1,Wed,3
10414,FAMIA,2,1/14/2014,02-11-2014,1/17/2014,3,21.48,2014,Jan,1,Thu,4
10415,HUNGC,3,1/15/2014,02-12-2014,1/24/2014,1,0.2,2014,Jan,1,Thu,4
10416,WARTH,8,1/16/2014,2/13/2014,1/27/2014,3,22.72,2014,Jan,1,Fri,5
10417,SIMOB,4,1/16/2014,2/13/2014,1/28/2014,3,70.29,2014,Jan,1,Tue,2
10418,QUICK,4,1/17/2014,2/14/2014,1/24/2014,1,17.55,2014,Feb,2,Tue,2
10419,RICSU,4,1/20/2014,2/17/2014,1/30/2014,2,137.35,2014,Feb,2,Wed,3
10420,WELLI,3,1/21/2014,2/18/2014,1/27/2014,1,44.12,2014,Feb,2,Fri,5
10421,QUEDE,8,1/21/2014,03-04-2014,1/27/2014,1,99.23,2014,Feb,2,Wed,3
10422,FRANS,2,1/22/2014,2/19/2014,1/31/2014,1,3.02,2014,Feb,2,Fri,5
10423,GOURL,6,1/23/2014,02-06-2014,2/24/2014,3,24.5,2014,Feb,2,Wed,3
10424,MEREP,7,1/23/2014,2/20/2014,1/27/2014,2,370.61,2014,Feb,2,Thu,4
10425,LAMAI,6,1/24/2014,2/21/2014,2/14/2014,2,7.93,2014,Feb,2,Fri,5
10426,GALED,4,1/27/2014,2/24/2014,02-06-2014,1,18.69,2014,Feb,2,Mon,1
10427,PICCO,4,1/27/2014,2/24/2014,03-03-2014,2,31.29,2014,Feb,2,Tue,2
10428,REGGC,7,1/28/2014,2/25/2014,02-04-2014,1,11.09,2014,Feb,2,Tue,2
10429,HUNGO,3,1/29/2014,03-12-2014,02-07-2014,2,56.63,2014,Feb,2,Wed,3
10430,ERNSH,4,1/30/2014,2/13/2014,02-03-2014,1,458.78,2014,Feb,2,Fri,5
10431,BOTTM,4,1/30/2014,2/13/2014,02-07-2014,2,44.17,2014,Feb,2,Fri,5
10432,SPLIR,3,1/31/2014,2/14/2014,02-07-2014,2,4.34,2014,Mar,3,Mon,1
10433,PRINI,3,02-03-2014,03-03-2014,03-04-2014,3,73.83,2014,Mar,3,Tue,2
10434,FOLKO,3,02-03-2014,03-03-2014,2/13/2014,2,17.92,2014,Mar,3,Wed,3
10435,CONSH,8,02-04-2014,3/18/2014,02-07-2014,2,9.21,2014,Mar,3,Thu,4
10436,BLONP,3,02-05-2014,03-05-2014,02-11-2014,2,156.66,2014,Mar,3,Mon,1
10437,WARTH,8,02-05-2014,03-05-2014,02-12-2014,1,19.97,2014,Mar,3,Tue,2
10438,TOMSP,3,02-06-2014,03-06-2014,2/14/2014,2,8.24,2014,Mar,3,Wed,3
10439,MEREP,6,02-07-2014,03-07-2014,02-10-2014,3,4.07,2014,Mar,3,Thu,4
10440,SAVEA,4,02-10-2014,03-10-2014,2/28/2014,2,86.53,2014,Mar,3,Thu,4
10441,OLDWO,3,02-10-2014,3/24/2014,3/14/2014,2,73.02,2014,Mar,3,Fri,5
10442,ERNSH,3,02-11-2014,03-11-2014,2/18/2014,2,47.94,2014,Mar,3,Mon,1
10443,REGGC,8,02-12-2014,03-12-2014,2/14/2014,1,13.95,2014,Mar,3,Mon,1
10444,BERGS,3,02-12-2014,03-12-2014,2/21/2014,3,3.5,2014,Mar,3,Tue,2
10445,BERGS,3,2/13/2014,3/13/2014,2/20/2014,1,9.3,2014,Mar,3,Thu,4
10446,TOMSP,6,2/14/2014,3/14/2014,2/19/2014,1,14.68,2014,Mar,3,Thu,4
10447,RICAR,4,2/14/2014,3/14/2014,03-07-2014,2,68.66,2014,Mar,3,Fri,5
10448,RANCH,4,2/17/2014,3/17/2014,2/24/2014,2,38.82,2014,Mar,3,Mon,1
10449,BLONP,3,2/18/2014,3/18/2014,2/27/2014,2,53.3,2014,Mar,3,Wed,3
10450,VICTE,8,2/19/2014,3/19/2014,03-11-2014,2,7.23,2014,Mar,3,Wed,3
10451,QUICK,4,2/19/2014,03-05-2014,03-12-2014,3,189.09,2014,Mar,3,Thu,4
10452,SAVEA,8,2/20/2014,3/20/2014,2/26/2014,1,140.26,2014,Mar,3,Fri,5
10453,AROUT,1,2/21/2014,3/21/2014,2/26/2014,2,25.36,2014,Mar,3,Mon,1
10454,LAMAI,4,2/21/2014,3/21/2014,2/25/2014,3,2.74,2014,Mar,3,Mon,1
10455,WARTH,8,2/24/2014,04-07-2014,03-03-2014,2,180.45,2014,Apr,4,Fri,5
10456,KOENE,8,2/25/2014,04-08-2014,2/28/2014,2,8.12,2014,Apr,4,Fri,5
10457,KOENE,2,2/25/2014,3/25/2014,03-03-2014,1,11.57,2014,Apr,4,Mon,1
10458,SUPRD,7,2/26/2014,3/26/2014,03-04-2014,3,147.06,2014,Apr,4,Wed,3
10459,VICTE,4,2/27/2014,3/27/2014,2/28/2014,2,25.09,2014,Apr,4,Wed,3
10460,FOLKO,8,2/28/2014,3/28/2014,03-03-2014,1,16.27,2014,Apr,4,Thu,4
10461,LILAS,1,2/28/2014,3/28/2014,03-05-2014,3,148.61,2014,Apr,4,Fri,5
10462,CONSH,2,03-03-2014,3/31/2014,3/18/2014,1,6.17,2014,Apr,4,Tue,2
10463,SUPRD,5,03-04-2014,04-01-2014,03-06-2014,3,14.78,2014,Apr,4,Tue,2
10464,FURIB,4,03-04-2014,04-01-2014,3/14/2014,2,89,2014,Apr,4,Wed,3
10465,VAFFE,1,03-05-2014,04-02-2014,3/14/2014,3,145.04,2014,Apr,4,Fri,5
10466,COMMI,4,03-06-2014,04-03-2014,3/13/2014,1,11.93,2014,Apr,4,Mon,1
10467,MAGAA,8,03-06-2014,04-03-2014,03-11-2014,2,4.93,2014,Apr,4,Tue,2
10468,KOENE,3,03-07-2014,04-04-2014,03-12-2014,3,44.12,2014,Apr,4,Wed,3
10469,WHITC,1,03-10-2014,04-07-2014,3/14/2014,1,60.18,2014,Apr,4,Thu,4
10470,BONAP,4,03-11-2014,04-08-2014,3/14/2014,2,64.56,2014,Apr,4,Mon,1
10471,BSBEV,2,03-11-2014,04-08-2014,3/18/2014,3,45.59,2014,Apr,4,Tue,2
10472,SEVES,8,03-12-2014,04-09-2014,3/19/2014,1,4.2,2014,Apr,4,Tue,2
10473,ISLAT,1,3/13/2014,3/27/2014,3/21/2014,3,16.37,2014,May,5,Thu,4
10474,PERIC,5,3/13/2014,04-10-2014,3/21/2014,2,83.49,2014,May,5,Thu,4
10475,SUPRD,9,3/14/2014,04-11-2014,04-04-2014,1,68.52,2014,May,5,Fri,5
10476,HILAA,8,3/17/2014,4/14/2014,3/24/2014,3,4.41,2014,May,5,Mon,1
10477,PRINI,5,3/17/2014,4/14/2014,3/25/2014,2,13.02,2014,May,5,Tue,2
10478,VICTE,2,3/18/2014,04-01-2014,3/26/2014,3,4.81,2014,May,5,Wed,3
10479,RATTC,3,3/19/2014,4/16/2014,3/21/2014,3,708.95,2014,May,5,Thu,4
10480,FOLIG,6,3/20/2014,4/17/2014,3/24/2014,2,1.35,2014,May,5,Fri,5
10481,RICAR,8,3/20/2014,4/17/2014,3/25/2014,2,64.33,2014,May,5,Mon,1
10482,LAZYK,1,3/21/2014,4/18/2014,04-10-2014,3,7.48,2014,May,5,Mon,1
10483,WHITC,7,3/24/2014,4/21/2014,4/25/2014,2,15.28,2014,May,5,Wed,3
10484,BSBEV,3,3/24/2014,4/21/2014,04-01-2014,3,6.88,2014,May,5,Thu,4
10485,LINOD,4,3/25/2014,04-08-2014,3/31/2014,2,64.45,2014,May,5,Fri,5
10486,HILAA,1,3/26/2014,4/23/2014,04-02-2014,2,30.53,2014,May,5,Mon,1
10487,QUEEN,2,3/26/2014,4/23/2014,3/28/2014,2,71.07,2014,May,5,Tue,2
10488,FRANK,8,3/27/2014,4/24/2014,04-02-2014,2,4.93,2014,May,5,Wed,3
10489,PICCO,6,3/28/2014,4/25/2014,04-09-2014,2,5.29,2014,May,5,Thu,4
10490,HILAA,7,3/31/2014,4/28/2014,04-03-2014,2,210.19,2014,May,5,Fri,5
10491,FURIB,8,3/31/2014,4/28/2014,04-08-2014,3,16.96,2014,May,5,Tue,2
10492,BOTTM,3,04-01-2014,4/29/2014,04-11-2014,1,62.89,2014,May,5,Wed,3
10493,LAMAI,4,04-02-2014,4/30/2014,04-10-2014,3,10.64,2014,May,5,Thu,4
10494,COMMI,4,04-02-2014,4/30/2014,04-09-2014,2,65.99,2014,May,5,Fri,5
10495,LAUGB,3,04-03-2014,05-01-2014,04-11-2014,3,4.65,2014,Jun,6,Mon,1
10496,TRADH,7,04-04-2014,05-02-2014,04-07-2014,2,46.77,2014,Jun,6,Tue,2
10497,LEHMS,7,04-04-2014,05-02-2014,04-07-2014,1,36.21,2014,Jun,6,Tue,2
10498,HILAA,8,04-07-2014,05-05-2014,04-11-2014,2,29.75,2014,Jun,6,Wed,3
10499,LILAS,4,04-08-2014,05-06-2014,4/16/2014,2,102.02,2014,Jun,6,Thu,4
10500,LAMAI,6,04-09-2014,05-07-2014,4/17/2014,1,42.68,2014,Jun,6,Fri,5
10501,BLAUS,9,04-09-2014,05-07-2014,4/16/2014,3,8.85,2014,Jun,6,Fri,5
10502,PERIC,2,04-10-2014,05-08-2014,4/29/2014,1,69.32,2014,Jun,6,Mon,1
10503,HUNGO,6,04-11-2014,05-09-2014,4/16/2014,2,16.74,2014,Jun,6,Tue,2
10504,WHITC,4,04-11-2014,05-09-2014,4/18/2014,3,59.13,2014,Jun,6,Wed,3
10505,MEREP,3,4/14/2014,05-12-2014,4/21/2014,3,7.13,2014,Jun,6,Thu,4
10506,KOENE,9,4/15/2014,5/13/2014,05-02-2014,2,21.19,2014,Jun,6,Thu,4
10507,ANTON,7,4/15/2014,5/13/2014,4/22/2014,1,47.45,2014,Jun,6,Mon,1
10508,OTTIK,1,4/16/2014,5/14/2014,5/13/2014,2,4.99,2014,Jun,6,Tue,2
10509,BLAUS,4,4/17/2014,5/15/2014,4/29/2014,1,0.15,2014,Jun,6,Thu,4
10510,SAVEA,6,4/18/2014,5/16/2014,4/28/2014,3,367.63,2014,Jun,6,Fri,5
10511,BONAP,4,4/18/2014,5/16/2014,4/21/2014,3,350.64,2014,Jun,6,Mon,1
10512,FAMIA,7,4/21/2014,5/19/2014,4/24/2014,2,3.53,2014,Jun,6,Wed,3
10513,WANDK,7,4/22/2014,06-03-2014,4/28/2014,1,105.65,2014,Jun,6,Mon,1
10514,ERNSH,3,4/22/2014,5/20/2014,5/16/2014,2,789.95,2014,Jul,7,Tue,2
10515,QUICK,2,4/23/2014,05-07-2014,5/23/2014,1,204.47,2014,Jul,7,Wed,3
10516,HUNGO,2,4/24/2014,5/22/2014,05-01-2014,3,62.78,2014,Jul,7,Wed,3
10517,NORTS,3,4/24/2014,5/22/2014,4/29/2014,3,32.07,2014,Jul,7,Thu,4
10518,TORTU,4,4/25/2014,05-09-2014,05-05-2014,2,218.15,2014,Jul,7,Fri,5
10519,CHOPS,6,4/28/2014,5/26/2014,05-01-2014,3,91.76,2014,Jul,7,Mon,1
10520,SANTG,7,4/29/2014,5/27/2014,05-01-2014,1,13.37,2014,Jul,7,Wed,3
10521,CACTU,8,4/29/2014,5/27/2014,05-02-2014,2,17.22,2014,Jul,7,Thu,4
10522,LEHMS,4,4/30/2014,5/28/2014,05-06-2014,1,45.33,2014,Jul,7,Fri,5
10523,SEVES,7,05-01-2014,5/29/2014,5/30/2014,2,77.63,2014,Jul,7,Fri,5
10524,BERGS,1,05-01-2014,5/29/2014,05-07-2014,2,244.79,2014,Jul,7,Mon,1
10525,BONAP,1,05-02-2014,5/30/2014,5/23/2014,2,11.06,2014,Jul,7,Tue,2
10526,WARTH,4,05-05-2014,06-02-2014,5/15/2014,2,58.59,2014,Jul,7,Wed,3
10527,QUICK,7,05-05-2014,06-02-2014,05-07-2014,1,41.9,2014,Jul,7,Thu,4
10528,GREAL,6,05-06-2014,5/20/2014,05-09-2014,2,3.35,2014,Jul,7,Fri,5
10529,MAISD,5,05-07-2014,06-04-2014,05-09-2014,2,66.69,2014,Jul,7,Fri,5
10530,PICCO,3,05-08-2014,06-05-2014,05-12-2014,2,339.22,2014,Jul,7,Mon,1
10531,OCEAN,7,05-08-2014,06-05-2014,5/19/2014,1,8.12,2014,Jul,7,Tue,2
10532,EASTC,7,05-09-2014,06-06-2014,05-12-2014,3,74.46,2014,Jul,7,Thu,4
10533,FOLKO,8,05-12-2014,06-09-2014,5/22/2014,1,188.04,2014,Jul,7,Fri,5
10534,LEHMS,8,05-12-2014,06-09-2014,5/14/2014,2,27.94,2014,Jul,7,Fri,5
10535,ANTON,4,5/13/2014,06-10-2014,5/21/2014,1,15.64,2014,Jul,7,Mon,1
10536,LEHMS,3,5/14/2014,06-11-2014,06-06-2014,2,58.88,2014,Jul,7,Tue,2
10537,RICSU,1,5/14/2014,5/28/2014,5/19/2014,1,78.85,2014,Jul,7,Wed,3
10538,BSBEV,9,5/15/2014,06-12-2014,5/16/2014,3,4.87,2014,Jul,7,Thu,4
10539,BSBEV,6,5/16/2014,6/13/2014,5/23/2014,3,12.36,2014,Aug,8,Fri,5
10540,QUICK,3,5/19/2014,6/16/2014,6/13/2014,3,1007.64,2014,Aug,8,Tue,2
10541,HANAR,2,5/19/2014,6/16/2014,5/29/2014,1,68.65,2014,Aug,8,Thu,4
10542,KOENE,1,5/20/2014,6/17/2014,5/26/2014,3,10.95,2014,Aug,8,Mon,1
10543,LILAS,8,5/21/2014,6/18/2014,5/23/2014,2,48.17,2014,Aug,8,Mon,1
10544,LONEP,4,5/21/2014,6/18/2014,5/30/2014,1,24.91,2014,Aug,8,Wed,3
10545,LAZYK,8,5/22/2014,6/19/2014,6/26/2014,2,11.92,2014,Aug,8,Thu,4
10546,VICTE,1,5/23/2014,6/20/2014,5/27/2014,3,194.72,2014,Aug,8,Thu,4
10547,SEVES,3,5/23/2014,6/20/2014,06-02-2014,2,178.43,2014,Aug,8,Fri,5
10548,TOMSP,3,5/26/2014,6/23/2014,06-02-2014,2,1.43,2014,Aug,8,Mon,1
10549,QUICK,5,5/27/2014,06-10-2014,5/30/2014,1,171.24,2014,Aug,8,Tue,2
10550,GODOS,7,5/28/2014,6/25/2014,06-06-2014,3,4.32,2014,Aug,8,Wed,3
10551,FURIB,4,5/28/2014,07-09-2014,06-06-2014,3,72.95,2014,Aug,8,Fri,5
10552,HILAA,2,5/29/2014,6/26/2014,06-05-2014,1,83.22,2014,Aug,8,Mon,1
10553,WARTH,2,5/30/2014,6/27/2014,06-03-2014,2,149.49,2014,Aug,8,Wed,3
10554,OTTIK,4,5/30/2014,6/27/2014,06-05-2014,3,120.97,2014,Aug,8,Thu,4
10555,SAVEA,6,06-02-2014,6/30/2014,06-04-2014,3,252.49,2014,Aug,8,Thu,4
10556,SIMOB,2,06-03-2014,7/15/2014,6/13/2014,1,9.8,2014,Aug,8,Fri,5
10557,LEHMS,9,06-03-2014,6/17/2014,06-06-2014,2,96.72,2014,Sep,9,Mon,1
10558,AROUT,1,06-04-2014,07-02-2014,06-10-2014,2,72.97,2014,Sep,9,Tue,2
10559,BLONP,6,06-05-2014,07-03-2014,6/13/2014,1,8.05,2014,Sep,9,Tue,2
10560,FRANK,8,06-06-2014,07-04-2014,06-09-2014,1,36.65,2014,Sep,9,Wed,3
10561,FOLKO,2,06-06-2014,07-04-2014,06-09-2014,2,242.21,2014,Sep,9,Thu,4
10562,REGGC,1,06-09-2014,07-07-2014,06-12-2014,1,22.95,2014,Sep,9,Thu,4
10563,RICAR,2,06-10-2014,7/22/2014,6/24/2014,2,60.43,2014,Sep,9,Fri,5
10564,RATTC,4,06-10-2014,07-08-2014,6/16/2014,3,13.75,2014,Sep,9,Mon,1
10565,MEREP,8,06-11-2014,07-09-2014,6/18/2014,2,7.15,2014,Sep,9,Tue,2
10566,BLONP,9,06-12-2014,07-10-2014,6/18/2014,1,88.4,2014,Sep,9,Wed,3
10567,HUNGO,1,06-12-2014,07-10-2014,6/17/2014,1,33.97,2014,Sep,9,Wed,3
10568,GALED,3,6/13/2014,07-11-2014,07-09-2014,3,6.54,2014,Sep,9,Thu,4
10569,RATTC,5,6/16/2014,7/14/2014,07-11-2014,1,58.98,2014,Sep,9,Fri,5
10570,MEREP,3,6/17/2014,7/15/2014,6/19/2014,3,188.99,2014,Sep,9,Fri,5
10571,ERNSH,8,6/17/2014,7/29/2014,07-04-2014,3,26.06,2014,Sep,9,Mon,1
10572,BERGS,3,6/18/2014,7/16/2014,6/25/2014,2,116.43,2014,Sep,9,Mon,1
10573,ANTON,7,6/19/2014,7/17/2014,6/20/2014,3,84.84,2014,Sep,9,Wed,3
10574,TRAIH,4,6/19/2014,7/17/2014,6/30/2014,2,37.6,2014,Sep,9,Wed,3
10575,MORGK,5,6/20/2014,07-04-2014,6/30/2014,1,127.34,2014,Sep,9,Thu,4
10576,TORTU,3,6/23/2014,07-07-2014,6/30/2014,3,18.56,2014,Sep,9,Fri,5
10577,TRAIH,9,6/23/2014,08-04-2014,6/30/2014,2,25.41,2014,Sep,9,Mon,1
10578,BSBEV,4,6/24/2014,7/22/2014,7/25/2014,3,29.6,2014,Sep,9,Mon,1
10579,LETSS,1,6/25/2014,7/23/2014,07-04-2014,2,13.73,2014,Sep,9,Tue,2
10580,OTTIK,4,6/26/2014,7/24/2014,07-01-2014,3,75.89,2014,Sep,9,Tue,2
10581,FAMIA,3,6/26/2014,7/24/2014,07-02-2014,1,3.01,2014,Sep,9,Wed,3
10582,BLAUS,3,6/27/2014,7/25/2014,7/14/2014,2,27.71,2014,Sep,9,Fri,5
10583,WARTH,2,6/30/2014,7/28/2014,07-04-2014,2,7.28,2014,Sep,9,Tue,2
10584,BLONP,4,6/30/2014,7/28/2014,07-04-2014,1,59.14,2014,Sep,9,Tue,2
10585,WELLI,7,07-01-2014,7/29/2014,07-10-2014,1,13.41,2014,Oct,10,Wed,3
10586,REGGC,9,07-02-2014,7/30/2014,07-09-2014,1,0.48,2014,Oct,10,Thu,4
10587,QUEDE,1,07-02-2014,7/30/2014,07-09-2014,1,62.52,2014,Oct,10,Fri,5
10588,QUICK,2,07-03-2014,7/31/2014,07-10-2014,3,194.67,2014,Oct,10,Mon,1
10589,GREAL,8,07-04-2014,08-01-2014,7/14/2014,2,4.42,2014,Oct,10,Tue,2
10590,MEREP,4,07-07-2014,08-04-2014,7/14/2014,3,44.77,2014,Oct,10,Wed,3
10591,VAFFE,1,07-07-2014,7/21/2014,7/16/2014,1,55.92,2014,Oct,10,Mon,1
10592,LEHMS,3,07-08-2014,08-05-2014,7/16/2014,1,32.1,2014,Oct,10,Tue,2
10593,LEHMS,7,07-09-2014,08-06-2014,8/13/2014,2,174.2,2014,Oct,10,Tue,2
10594,OLDWO,3,07-09-2014,08-06-2014,7/16/2014,2,5.24,2014,Oct,10,Wed,3
10595,ERNSH,2,07-10-2014,08-07-2014,7/14/2014,1,96.78,2014,Oct,10,Thu,4
10596,WHITC,8,07-11-2014,08-08-2014,08-12-2014,1,16.34,2014,Oct,10,Fri,5
10597,PICCO,7,07-11-2014,08-08-2014,7/18/2014,3,35.12,2014,Oct,10,Fri,5
10598,RATTC,1,7/14/2014,08-11-2014,7/18/2014,3,44.42,2014,Oct,10,Mon,1
10599,BSBEV,6,7/15/2014,8/26/2014,7/21/2014,3,29.98,2014,Oct,10,Tue,2
10600,HUNGC,4,7/16/2014,8/13/2014,7/21/2014,1,45.13,2014,Oct,10,Wed,3
10601,HILAA,7,7/16/2014,8/27/2014,7/22/2014,1,58.3,2014,Oct,10,Wed,3
10602,VAFFE,8,7/17/2014,8/14/2014,7/22/2014,2,2.92,2014,Oct,10,Fri,5
10603,SAVEA,8,7/18/2014,8/15/2014,08-08-2014,2,48.77,2014,Oct,10,Mon,1
10604,FURIB,1,7/18/2014,8/15/2014,7/29/2014,1,7.46,2014,Oct,10,Mon,1
10605,MEREP,1,7/21/2014,8/18/2014,7/29/2014,2,379.13,2014,Oct,10,Tue,2
10606,TRADH,4,7/22/2014,8/19/2014,7/31/2014,3,79.4,2014,Oct,10,Wed,3
10607,SAVEA,5,7/22/2014,8/19/2014,7/25/2014,1,200.24,2014,Oct,10,Wed,3
10608,TOMSP,4,7/23/2014,8/20/2014,08-01-2014,2,27.79,2014,Oct,10,Thu,4
10609,DUMON,7,7/24/2014,8/21/2014,7/30/2014,2,1.85,2014,Nov,11,Mon,1
10610,LAMAI,8,7/25/2014,8/22/2014,08-06-2014,1,26.78,2014,Nov,11,Tue,2
10611,WOLZA,6,7/25/2014,8/22/2014,08-01-2014,2,80.65,2014,Nov,11,Wed,3
10612,SAVEA,1,7/28/2014,8/25/2014,08-01-2014,2,544.08,2014,Nov,11,Thu,4
10613,HILAA,4,7/29/2014,8/26/2014,08-01-2014,2,8.11,2014,Nov,11,Fri,5
10614,BLAUS,8,7/29/2014,8/26/2014,08-01-2014,3,1.93,2014,Nov,11,Fri,5
10615,WILMK,2,7/30/2014,8/27/2014,08-06-2014,3,0.75,2014,Nov,11,Mon,1
10616,GREAL,1,7/31/2014,8/28/2014,08-05-2014,2,116.53,2014,Nov,11,Tue,2
10617,GREAL,4,7/31/2014,8/28/2014,08-04-2014,2,18.53,2014,Nov,11,Tue,2
10618,MEREP,1,08-01-2014,09-12-2014,08-08-2014,1,154.68,2014,Nov,11,Wed,3
10619,MEREP,3,08-04-2014,09-01-2014,08-07-2014,3,91.05,2014,Nov,11,Mon,1
10620,LAUGB,2,08-05-2014,09-02-2014,8/14/2014,3,0.94,2014,Nov,11,Mon,1
10621,ISLAT,4,08-05-2014,09-02-2014,08-11-2014,2,23.73,2014,Nov,11,Tue,2
10622,RICAR,4,08-06-2014,09-03-2014,08-11-2014,3,50.97,2014,Nov,11,Wed,3
10623,FRANK,8,08-07-2014,09-04-2014,08-12-2014,2,97.18,2014,Nov,11,Wed,3
10624,THECR,4,08-07-2014,09-04-2014,8/19/2014,2,94.8,2014,Nov,11,Fri,5
10625,ANATR,3,08-08-2014,09-05-2014,8/14/2014,1,43.9,2014,Nov,11,Mon,1
10626,BERGS,1,08-11-2014,09-08-2014,8/20/2014,2,138.69,2014,Nov,11,Tue,2
10627,SAVEA,8,08-11-2014,9/22/2014,8/21/2014,3,107.46,2014,Nov,11,Thu,4
10628,BLONP,4,08-12-2014,09-09-2014,8/20/2014,3,30.36,2014,Nov,11,Thu,4
10629,GODOS,4,08-12-2014,09-09-2014,8/20/2014,3,85.46,2014,Dec,12,Tue,2
10630,KOENE,1,8/13/2014,09-10-2014,8/19/2014,2,32.35,2014,Dec,12,Wed,3
10631,LAMAI,8,8/14/2014,09-11-2014,8/15/2014,1,0.87,2014,Dec,12,Tue,2
10632,WANDK,8,8/14/2014,09-11-2014,8/19/2014,1,41.38,2014,Dec,12,Wed,3
10633,ERNSH,7,8/15/2014,09-12-2014,8/18/2014,3,477.9,2014,Dec,12,Thu,4
10634,FOLIG,4,8/15/2014,09-12-2014,8/21/2014,3,487.38,2014,Dec,12,Fri,5
10635,MAGAA,8,8/18/2014,9/15/2014,8/21/2014,3,47.46,2014,Dec,12,Mon,1
10636,WARTH,4,8/19/2014,9/16/2014,8/26/2014,1,1.15,2014,Dec,12,Mon,1
10637,QUEEN,6,8/19/2014,9/16/2014,8/26/2014,1,201.29,2014,Dec,12,Tue,2
10638,LINOD,3,8/20/2014,9/17/2014,09-01-2014,1,158.44,2014,Dec,12,Wed,3
10639,SANTG,7,8/20/2014,9/17/2014,8/27/2014,3,38.64,2014,Dec,12,Wed,3
10640,WANDK,4,8/21/2014,9/18/2014,8/28/2014,1,23.55,2014,Dec,12,Thu,4
10641,HILAA,4,8/22/2014,9/19/2014,8/26/2014,2,179.61,2014,Dec,12,Fri,5
10642,SIMOB,7,8/22/2014,9/19/2014,09-05-2014,3,41.89,2014,Dec,12,Fri,5
10643,ALFKI,6,8/25/2014,9/22/2014,09-02-2014,1,29.46,2014,Dec,12,Mon,1
10644,WELLI,3,8/25/2014,9/22/2014,09-01-2014,2,0.14,2014,Dec,12,Mon,1
10645,HANAR,4,8/26/2014,9/23/2014,09-02-2014,1,12.41,2014,Dec,12,Mon,1
10646,HUNGO,9,8/27/2014,10-08-2014,09-03-2014,3,142.33,2014,Dec,12,Tue,2
10647,QUEDE,4,8/27/2014,09-10-2014,09-03-2014,2,45.54,2014,Dec,12,Tue,2
10648,RICAR,5,8/28/2014,10-09-2014,09-09-2014,2,14.25,2014,Dec,12,Wed,3
10649,MAISD,5,8/28/2014,9/25/2014,8/29/2014,3,6.2,2014,Dec,12,Wed,3
10650,FAMIA,5,8/29/2014,9/26/2014,09-03-2014,3,176.81,2014,Dec,12,Thu,4
10651,WANDK,8,09-01-2014,9/29/2014,09-11-2014,2,20.6,2014,Dec,12,Fri,5
10652,GOURL,4,09-01-2014,9/29/2014,09-08-2014,2,7.14,2014,Dec,12,Fri,5
10653,FRANK,1,09-02-2014,9/30/2014,9/19/2014,1,93.25,2014,Dec,12,Fri,5
10654,BERGS,5,09-02-2014,9/30/2014,09-11-2014,1,55.26,2014,Dec,12,Tue,2
10655,REGGC,1,09-03-2014,10-01-2014,09-11-2014,2,4.41,2014,Dec,12,Tue,2
10656,GREAL,6,09-04-2014,10-02-2014,09-10-2014,1,57.15,2015,Jan,1,Thu,4
10657,SAVEA,2,09-04-2014,10-02-2014,9/15/2014,2,352.69,2015,Jan,1,Thu,4
10658,QUICK,4,09-05-2014,10-03-2014,09-08-2014,1,364.15,2015,Jan,1,Thu,4
10659,QUEEN,7,09-05-2014,10-03-2014,09-10-2014,2,105.81,2015,Jan,1,Fri,5
10660,HUNGC,8,09-08-2014,10-06-2014,10/15/2014,1,111.29,2015,Jan,1,Fri,5
10661,HUNGO,7,09-09-2014,10-07-2014,9/15/2014,3,17.55,2015,Jan,1,Mon,1
10662,LONEP,3,09-09-2014,10-07-2014,9/18/2014,2,1.28,2015,Jan,1,Mon,1
10663,BONAP,2,09-10-2014,9/24/2014,10-03-2014,2,113.15,2015,Jan,1,Mon,1
10664,FURIB,1,09-10-2014,10-08-2014,9/19/2014,3,1.27,2015,Jan,1,Tue,2
10665,LONEP,1,09-11-2014,10-09-2014,9/17/2014,2,26.31,2015,Jan,1,Tue,2
10666,RICSU,7,09-12-2014,10-10-2014,9/22/2014,2,232.42,2015,Jan,1,Wed,3
10667,ERNSH,7,09-12-2014,10-10-2014,9/19/2014,1,78.09,2015,Jan,1,Wed,3
10668,WANDK,1,9/15/2014,10/13/2014,9/23/2014,2,47.22,2015,Jan,1,Wed,3
10669,SIMOB,2,9/15/2014,10/13/2014,9/22/2014,1,24.39,2015,Jan,1,Thu,4
10670,FRANK,4,9/16/2014,10/14/2014,9/18/2014,1,203.48,2015,Jan,1,Thu,4
10671,FRANR,1,9/17/2014,10/15/2014,9/24/2014,1,30.34,2015,Jan,1,Fri,5
10672,BERGS,9,9/17/2014,10-01-2014,9/26/2014,2,95.75,2015,Jan,1,Fri,5
10673,WILMK,2,9/18/2014,10/16/2014,9/19/2014,1,22.76,2015,Jan,1,Fri,5
10674,ISLAT,4,9/18/2014,10/16/2014,9/30/2014,2,0.9,2015,Jan,1,Mon,1
10675,FRANK,5,9/19/2014,10/17/2014,9/23/2014,2,31.85,2015,Jan,1,Mon,1
10676,TORTU,2,9/22/2014,10/20/2014,9/29/2014,2,2.01,2015,Jan,1,Tue,2
10677,ANTON,1,9/22/2014,10/20/2014,9/26/2014,3,4.03,2015,Jan,1,Tue,2
10678,SAVEA,7,9/23/2014,10/21/2014,10/16/2014,3,388.98,2015,Jan,1,Tue,2
10679,BLONP,8,9/23/2014,10/21/2014,9/30/2014,3,27.94,2015,Jan,1,Wed,3
10680,OLDWO,1,9/24/2014,10/22/2014,9/26/2014,1,26.61,2015,Jan,1,Wed,3
10681,GREAL,3,9/25/2014,10/23/2014,9/30/2014,3,76.13,2015,Jan,1,Thu,4
10682,ANTON,3,9/25/2014,10/23/2014,10-01-2014,2,36.13,2015,Jan,1,Thu,4
10683,DUMON,2,9/26/2014,10/24/2014,10-01-2014,1,4.4,2015,Jan,1,Thu,4
10684,OTTIK,3,9/26/2014,10/24/2014,9/30/2014,1,145.63,2015,Jan,1,Fri,5
10685,GOURL,4,9/29/2014,10/13/2014,10-03-2014,2,33.75,2015,Jan,1,Fri,5
10686,PICCO,2,9/30/2014,10/28/2014,10-08-2014,1,96.5,2015,Jan,1,Mon,1
10687,HUNGO,9,9/30/2014,10/28/2014,10/30/2014,2,296.43,2015,Jan,1,Mon,1
10688,VAFFE,4,10-01-2014,10/15/2014,10-07-2014,2,299.09,2015,Jan,1,Mon,1
10689,BERGS,1,10-01-2014,10/29/2014,10-07-2014,2,13.42,2015,Jan,1,Tue,2
10690,HANAR,1,10-02-2014,10/30/2014,10-03-2014,1,15.8,2015,Jan,1,Tue,2
10691,QUICK,2,10-03-2014,11/14/2014,10/22/2014,2,810.05,2015,Jan,1,Wed,3
10692,ALFKI,4,10-03-2014,10/31/2014,10/13/2014,2,61.02,2015,Jan,1,Wed,3
10693,WHITC,3,10-06-2014,10/20/2014,10-10-2014,3,139.34,2015,Jan,1,Wed,3
10694,QUICK,8,10-06-2014,11-03-2014,10-09-2014,3,398.36,2015,Jan,1,Thu,4
10695,WILMK,7,10-07-2014,11/18/2014,10/14/2014,1,16.72,2015,Jan,1,Thu,4
10696,WHITC,8,10-08-2014,11/19/2014,10/14/2014,3,102.55,2015,Jan,1,Fri,5
10697,LINOD,3,10-08-2014,11-05-2014,10/14/2014,1,45.52,2015,Jan,1,Fri,5
10698,ERNSH,4,10-09-2014,11-06-2014,10/17/2014,1,272.47,2015,Jan,1,Fri,5
10699,MORGK,3,10-09-2014,11-06-2014,10/13/2014,3,0.58,2015,Jan,1,Mon,1
10700,SAVEA,3,10-10-2014,11-07-2014,10/16/2014,1,65.1,2015,Jan,1,Mon,1
10701,HUNGO,6,10/13/2014,10/27/2014,10/15/2014,3,220.31,2015,Jan,1,Tue,2
10702,ALFKI,4,10/13/2014,11/24/2014,10/21/2014,1,23.94,2015,Jan,1,Tue,2
10703,FOLKO,6,10/14/2014,11-11-2014,10/20/2014,2,152.3,2015,Jan,1,Tue,2
10704,QUEEN,6,10/14/2014,11-11-2014,11-07-2014,1,4.78,2015,Jan,1,Wed,3
10705,HILAA,9,10/15/2014,11-12-2014,11/18/2014,2,3.52,2015,Jan,1,Wed,3
10706,OLDWO,8,10/16/2014,11/13/2014,10/21/2014,3,135.63,2015,Jan,1,Thu,4
10707,AROUT,4,10/16/2014,10/30/2014,10/23/2014,3,21.74,2015,Jan,1,Thu,4
10708,THEBI,6,10/17/2014,11/28/2014,11-05-2014,2,2.96,2015,Jan,1,Thu,4
10709,GOURL,1,10/17/2014,11/14/2014,11/20/2014,3,210.8,2015,Jan,1,Fri,5
10710,FRANS,1,10/20/2014,11/17/2014,10/23/2014,1,4.98,2015,Jan,1,Fri,5
10711,SAVEA,5,10/21/2014,12-02-2014,10/29/2014,2,52.41,2015,Feb,2,Mon,1
10712,HUNGO,3,10/21/2014,11/18/2014,10/31/2014,1,89.93,2015,Feb,2,Mon,1
10713,SAVEA,1,10/22/2014,11/19/2014,10/24/2014,1,167.05,2015,Feb,2,Mon,1
10714,SAVEA,5,10/22/2014,11/19/2014,10/27/2014,3,24.49,2015,Feb,2,Tue,2
10715,BONAP,3,10/23/2014,11-06-2014,10/29/2014,1,63.2,2015,Feb,2,Tue,2
10716,RANCH,4,10/24/2014,11/21/2014,10/27/2014,2,22.57,2015,Feb,2,Wed,3
10717,FRANK,1,10/24/2014,11/21/2014,10/29/2014,2,59.25,2015,Feb,2,Wed,3
10718,KOENE,1,10/27/2014,11/24/2014,10/29/2014,3,170.88,2015,Feb,2,Wed,3
10719,LETSS,8,10/27/2014,11/24/2014,11-05-2014,2,51.44,2015,Feb,2,Thu,4
10720,QUEDE,8,10/28/2014,11-11-2014,11-05-2014,2,9.53,2015,Feb,2,Thu,4
10721,QUICK,5,10/29/2014,11/26/2014,10/31/2014,3,48.92,2015,Feb,2,Fri,5
10722,SAVEA,8,10/29/2014,12-10-2014,11-04-2014,1,74.58,2015,Feb,2,Fri,5
10723,WHITC,3,10/30/2014,11/27/2014,11/25/2014,1,21.72,2015,Feb,2,Fri,5
10724,MEREP,8,10/30/2014,12-11-2014,11-05-2014,2,57.75,2015,Feb,2,Mon,1
10725,FAMIA,4,10/31/2014,11/28/2014,11-05-2014,3,10.83,2015,Feb,2,Mon,1
10726,EASTC,4,11-03-2014,11/17/2014,12-05-2014,1,16.56,2015,Feb,2,Tue,2
10727,REGGC,2,11-03-2014,12-01-2014,12-05-2014,1,89.9,2015,Feb,2,Tue,2
10728,QUEEN,4,11-04-2014,12-02-2014,11-11-2014,2,58.33,2015,Feb,2,Tue,2
10729,LINOD,8,11-04-2014,12/16/2014,11/14/2014,3,141.06,2015,Feb,2,Wed,3
10730,BONAP,5,11-05-2014,12-03-2014,11/14/2014,1,20.12,2015,Feb,2,Wed,3
10731,CHOPS,7,11-06-2014,12-04-2014,11/14/2014,1,96.65,2015,Feb,2,Thu,4
10732,BONAP,3,11-06-2014,12-04-2014,11-07-2014,1,16.97,2015,Feb,2,Thu,4
10733,BERGS,1,11-07-2014,12-05-2014,11-10-2014,3,110.11,2015,Feb,2,Thu,4
10734,GOURL,2,11-07-2014,12-05-2014,11-12-2014,3,1.63,2015,Feb,2,Fri,5
10735,LETSS,6,11-10-2014,12-08-2014,11/21/2014,2,45.97,2015,Feb,2,Fri,5
10736,HUNGO,9,11-11-2014,12-09-2014,11/21/2014,2,44.1,2015,Feb,2,Mon,1
10737,VINET,2,11-11-2014,12-09-2014,11/18/2014,2,7.79,2015,Feb,2,Mon,1
10738,SPECD,2,11-12-2014,12-10-2014,11/18/2014,1,2.91,2015,Feb,2,Mon,1
10739,VINET,3,11-12-2014,12-10-2014,11/17/2014,3,11.08,2015,Feb,2,Tue,2
10740,WHITC,4,11/13/2014,12-11-2014,11/25/2014,2,81.88,2015,Feb,2,Tue,2
10741,AROUT,4,11/14/2014,11/28/2014,11/18/2014,3,10.96,2015,Feb,2,Wed,3
10742,BOTTM,3,11/14/2014,12-12-2014,11/18/2014,3,243.73,2015,Feb,2,Wed,3
10743,AROUT,1,11/17/2014,12/15/2014,11/21/2014,2,23.72,2015,Feb,2,Wed,3
10744,VAFFE,6,11/17/2014,12/15/2014,11/24/2014,1,69.19,2015,Feb,2,Thu,4
10745,QUICK,9,11/18/2014,12/16/2014,11/27/2014,1,3.52,2015,Feb,2,Thu,4
10746,CHOPS,1,11/19/2014,12/17/2014,11/21/2014,3,31.43,2015,Feb,2,Fri,5
10747,PICCO,6,11/19/2014,12/17/2014,11/26/2014,1,117.33,2015,Feb,2,Fri,5
10748,SAVEA,3,11/20/2014,12/18/2014,11/28/2014,1,232.55,2015,Feb,2,Fri,5
10749,ISLAT,4,11/20/2014,12/18/2014,12/19/2014,2,61.53,2015,Feb,2,Mon,1
10750,WARTH,9,11/21/2014,12/19/2014,11/24/2014,1,79.3,2015,Feb,2,Mon,1
10751,RICSU,3,11/24/2014,12/22/2014,12-03-2014,3,130.79,2015,Feb,2,Tue,2
10752,NORTS,2,11/24/2014,12/22/2014,11/28/2014,3,1.39,2015,Feb,2,Tue,2
10753,FRANS,3,11/25/2014,12/23/2014,11/27/2014,1,7.7,2015,Feb,2,Tue,2
10754,MAGAA,6,11/25/2014,12/23/2014,11/27/2014,3,2.38,2015,Feb,2,Wed,3
10755,BONAP,4,11/26/2014,12/24/2014,11/28/2014,2,16.71,2015,Feb,2,Wed,3
10756,SPLIR,8,11/27/2014,12/25/2014,12-02-2014,2,73.21,2015,Feb,2,Thu,4
10757,SAVEA,6,11/27/2014,12/25/2014,12/15/2014,1,8.19,2015,Feb,2,Thu,4
10758,RICSU,3,11/28/2014,12/26/2014,12-04-2014,3,138.17,2015,Feb,2,Thu,4
10759,ANATR,3,11/28/2014,12/26/2014,12-12-2014,3,11.99,2015,Feb,2,Thu,4
10760,MAISD,4,12-01-2014,12/29/2014,12-10-2014,1,155.64,2015,Feb,2,Thu,4
10761,RATTC,5,12-02-2014,12/30/2014,12-08-2014,2,18.66,2015,Feb,2,Thu,4
10762,FOLKO,3,12-02-2014,12/30/2014,12-09-2014,1,328.74,2015,Feb,2,Fri,5
10763,FOLIG,3,12-03-2014,12/31/2014,12-08-2014,3,37.35,2015,Feb,2,Fri,5
10764,ERNSH,6,12-03-2014,12/31/2014,12-08-2014,3,145.45,2015,Feb,2,Fri,5
10765,QUICK,3,12-04-2014,01-01-2015,12-09-2014,3,42.74,2015,May,5,Fri,5
10766,OTTIK,4,12-05-2014,01-02-2015,12-09-2014,1,157.55,2015,May,5,Fri,5
10767,SUPRD,4,12-05-2014,01-02-2015,12/15/2014,3,1.59,2015,May,5,Fri,5
10768,AROUT,3,12-08-2014,01-05-2015,12/15/2014,2,146.32,2015,May,5,Mon,1
10769,VAFFE,3,12-08-2014,01-05-2015,12-12-2014,1,65.06,2015,May,5,Mon,1
10770,HANAR,8,12-09-2014,01-06-2015,12/17/2014,3,5.32,2015,May,5,Mon,1
10771,ERNSH,9,12-10-2014,01-07-2015,01-02-2015,2,11.19,2015,May,5,Tue,2
10772,LEHMS,3,12-10-2014,01-07-2015,12/19/2014,2,91.28,2015,May,5,Tue,2
10773,ERNSH,1,12-11-2014,01-08-2015,12/16/2014,3,96.43,2015,May,5,Tue,2
10774,FOLKO,4,12-11-2014,12/25/2014,12-12-2014,1,48.2,2015,May,5,Tue,2
10775,THECR,7,12-12-2014,01-09-2015,12/26/2014,1,20.25,2015,May,5,Wed,3
10776,ERNSH,1,12/15/2014,01-12-2015,12/18/2014,3,351.53,2015,May,5,Wed,3
10777,GOURL,7,12/15/2014,12/29/2014,1/21/2015,2,3.01,2015,May,5,Wed,3
10778,BERGS,3,12/16/2014,1/13/2015,12/24/2014,1,6.79,2015,May,5,Wed,3
10779,MORGK,3,12/16/2014,1/13/2015,1/14/2015,2,58.13,2015,Mar,3,Mon,1
10780,LILAS,2,12/16/2014,12/30/2014,12/25/2014,1,42.13,2015,Mar,3,Mon,1
10781,WARTH,2,12/17/2014,1/14/2015,12/19/2014,3,73.16,2015,Mar,3,Mon,1
10782,CACTU,9,12/17/2014,1/14/2015,12/22/2014,3,1.1,2015,Mar,3,Tue,2
10783,HANAR,4,12/18/2014,1/15/2015,12/19/2014,2,124.98,2015,Mar,3,Tue,2
10784,MAGAA,4,12/18/2014,1/15/2015,12/22/2014,3,70.09,2015,Mar,3,Tue,2
10785,GROSR,1,12/18/2014,1/15/2015,12/24/2014,3,1.51,2015,Mar,3,Tue,2
10786,QUEEN,8,12/19/2014,1/16/2015,12/23/2014,1,110.87,2015,Mar,3,Wed,3
10787,LAMAI,2,12/19/2014,01-02-2015,12/26/2014,1,249.93,2015,Mar,3,Wed,3
10788,QUICK,1,12/22/2014,1/19/2015,1/19/2015,2,42.7,2015,Mar,3,Wed,3
10789,FOLIG,1,12/22/2014,1/19/2015,12/31/2014,2,100.6,2015,Mar,3,Thu,4
10790,GOURL,6,12/22/2014,1/19/2015,12/26/2014,1,28.23,2015,Mar,3,Thu,4
10791,FRANK,6,12/23/2014,1/20/2015,01-01-2015,2,16.85,2015,Mar,3,Thu,4
10792,WOLZA,1,12/23/2014,1/20/2015,12/31/2014,3,23.79,2015,Mar,3,Fri,5
10793,AROUT,3,12/24/2014,1/21/2015,01-08-2015,3,4.52,2015,Mar,3,Fri,5
10794,QUEDE,6,12/24/2014,1/21/2015,01-02-2015,1,21.49,2015,Mar,3,Fri,5
10795,ERNSH,8,12/24/2014,1/21/2015,1/20/2015,2,126.66,2015,Mar,3,Fri,5
10796,HILAA,3,12/25/2014,1/22/2015,1/14/2015,1,26.52,2015,Mar,3,Mon,1
10797,DRACD,7,12/25/2014,1/22/2015,01-05-2015,2,33.35,2015,Mar,3,Mon,1
10798,ISLAT,2,12/26/2014,1/23/2015,01-05-2015,1,2.33,2015,Mar,3,Mon,1
10799,KOENE,9,12/26/2014,02-06-2015,01-05-2015,3,30.76,2015,Mar,3,Tue,2
10800,SEVES,1,12/26/2014,1/23/2015,01-05-2015,3,137.44,2015,Mar,3,Tue,2
10801,BOLID,4,12/29/2014,1/26/2015,12/31/2014,2,97.09,2015,Mar,3,Tue,2
10802,SIMOB,4,12/29/2014,1/26/2015,01-02-2015,2,257.26,2015,Mar,3,Wed,3
10803,WELLI,4,12/30/2014,1/27/2015,01-06-2015,1,55.23,2015,Mar,3,Wed,3
10804,SEVES,6,12/30/2014,1/27/2015,01-07-2015,2,27.33,2015,Mar,3,Wed,3
10805,THEBI,2,12/30/2014,1/27/2015,01-09-2015,3,237.34,2015,Mar,3,Wed,3
10806,VICTE,3,12/31/2014,1/28/2015,01-05-2015,2,22.11,2015,Mar,3,Thu,4
10807,FRANS,4,12/31/2014,1/28/2015,1/30/2015,1,1.36,2015,Mar,3,Thu,4
10808,OLDWO,2,01-01-2015,1/29/2015,01-09-2015,3,45.53,2015,Mar,3,Thu,4
10809,WELLI,7,01-01-2015,1/29/2015,01-07-2015,1,4.87,2015,Mar,3,Fri,5
10810,LAUGB,2,01-01-2015,1/29/2015,01-07-2015,3,4.33,2015,Mar,3,Fri,5
10811,LINOD,8,01-02-2015,1/30/2015,01-08-2015,1,31.22,2015,Mar,3,Fri,5
10812,REGGC,5,01-02-2015,1/30/2015,01-12-2015,1,59.78,2015,Mar,3,Mon,1
10813,RICAR,1,01-05-2015,02-02-2015,01-09-2015,1,47.38,2015,Mar,3,Mon,1
10814,VICTE,3,01-05-2015,02-02-2015,1/14/2015,3,130.94,2015,Mar,3,Mon,1
10815,SAVEA,2,01-05-2015,02-02-2015,1/14/2015,3,14.62,2015,Mar,3,Mon,1
10816,GREAL,4,01-06-2015,02-03-2015,02-04-2015,2,719.78,2015,Mar,3,Tue,2
10817,KOENE,3,01-06-2015,1/20/2015,1/13/2015,2,306.07,2015,Mar,3,Tue,2
10818,MAGAA,7,01-07-2015,02-04-2015,01-12-2015,3,65.48,2015,Mar,3,Tue,2
10819,CACTU,2,01-07-2015,02-04-2015,1/16/2015,3,19.76,2015,Mar,3,Wed,3
10820,RATTC,3,01-07-2015,02-04-2015,1/13/2015,2,37.52,2015,Mar,3,Wed,3
10821,SPLIR,1,01-08-2015,02-05-2015,1/15/2015,1,36.68,2015,Mar,3,Wed,3
10822,TRAIH,6,01-08-2015,02-05-2015,1/16/2015,3,7,2015,Mar,3,Thu,4
10823,LILAS,5,01-09-2015,02-06-2015,1/13/2015,2,163.97,2015,Mar,3,Thu,4
10824,FOLKO,8,01-09-2015,02-06-2015,1/30/2015,1,1.23,2015,Mar,3,Thu,4
10825,DRACD,1,01-09-2015,02-06-2015,1/14/2015,1,79.25,2015,Mar,3,Thu,4
10826,BLONP,6,01-12-2015,02-09-2015,02-06-2015,1,7.09,2015,Mar,3,Fri,5
10827,BONAP,1,01-12-2015,1/26/2015,02-06-2015,2,63.54,2015,Mar,3,Fri,5
10828,RANCH,9,1/13/2015,1/27/2015,02-04-2015,1,90.85,2015,Mar,3,Fri,5
10829,ISLAT,9,1/13/2015,02-10-2015,1/23/2015,1,154.72,2015,Mar,3,Mon,1
10830,TRADH,4,1/13/2015,2/24/2015,1/21/2015,2,81.83,2015,Mar,3,Mon,1
10831,SANTG,3,1/14/2015,02-11-2015,1/23/2015,2,72.19,2015,Mar,3,Mon,1
10832,LAMAI,2,1/14/2015,02-11-2015,1/19/2015,2,43.26,2015,Mar,3,Tue,2
10833,OTTIK,6,1/15/2015,02-12-2015,1/23/2015,2,71.49,2015,Mar,3,Tue,2
10834,TRADH,1,1/15/2015,02-12-2015,1/19/2015,3,29.78,2015,Mar,3,Tue,2
10835,ALFKI,1,1/15/2015,02-12-2015,1/21/2015,3,69.53,2015,Mar,3,Tue,2
10836,ERNSH,7,1/16/2015,2/13/2015,1/21/2015,1,411.88,2015,Mar,3,Wed,3
10837,BERGS,9,1/16/2015,2/13/2015,1/23/2015,3,13.32,2015,Mar,3,Wed,3
10838,LINOD,3,1/19/2015,2/16/2015,1/23/2015,3,59.28,2015,Mar,3,Wed,3
10839,TRADH,3,1/19/2015,2/16/2015,1/22/2015,3,35.43,2015,Mar,3,Thu,4
10840,LINOD,4,1/19/2015,03-02-2015,2/16/2015,2,2.71,2015,Mar,3,Thu,4
10841,SUPRD,5,1/20/2015,2/17/2015,1/29/2015,2,424.3,2015,Mar,3,Thu,4
10842,TORTU,1,1/20/2015,2/17/2015,1/29/2015,3,54.42,2015,Mar,3,Fri,5
10843,VICTE,4,1/21/2015,2/18/2015,1/26/2015,2,9.26,2015,Mar,3,Fri,5
10844,PICCO,8,1/21/2015,2/18/2015,1/26/2015,2,25.22,2015,Mar,3,Fri,5
10845,QUICK,8,1/21/2015,02-04-2015,1/30/2015,1,212.98,2015,Mar,3,Fri,5
10846,SUPRD,2,1/22/2015,03-05-2015,1/23/2015,3,56.46,2015,Mar,3,Mon,1
10847,SAVEA,4,1/22/2015,02-05-2015,02-10-2015,3,487.57,2015,Mar,3,Mon,1
10848,CONSH,7,1/23/2015,2/20/2015,1/29/2015,2,38.24,2015,Mar,3,Mon,1
10849,KOENE,9,1/23/2015,2/20/2015,1/30/2015,2,0.56,2015,Mar,3,Tue,2
10850,VICTE,1,1/23/2015,03-06-2015,1/30/2015,1,49.19,2015,Mar,3,Tue,2
10851,RICAR,5,1/26/2015,2/23/2015,02-02-2015,1,160.55,2015,Mar,3,Tue,2
10852,RATTC,8,1/26/2015,02-09-2015,1/30/2015,1,174.05,2015,Apr,4,Wed,3
10853,BLAUS,9,1/27/2015,2/24/2015,02-03-2015,2,53.83,2015,Apr,4,Wed,3
10854,ERNSH,3,1/27/2015,2/24/2015,02-05-2015,2,100.22,2015,Apr,4,Wed,3
10855,OLDWO,3,1/27/2015,2/24/2015,02-04-2015,1,170.97,2015,Apr,4,Wed,3
10856,ANTON,3,1/28/2015,2/25/2015,02-10-2015,2,58.43,2015,Apr,4,Thu,4
10857,BERGS,8,1/28/2015,2/25/2015,02-06-2015,2,188.85,2015,Apr,4,Thu,4
10858,LACOR,2,1/29/2015,2/26/2015,02-03-2015,1,52.51,2015,Apr,4,Thu,4
10859,FRANK,1,1/29/2015,2/26/2015,02-02-2015,2,76.1,2015,Apr,4,Fri,5
10860,FRANR,3,1/29/2015,2/26/2015,02-04-2015,3,19.26,2015,Apr,4,Fri,5
10861,WHITC,4,1/30/2015,2/27/2015,2/17/2015,2,14.93,2015,Apr,4,Fri,5
10862,LEHMS,8,1/30/2015,3/13/2015,02-02-2015,2,53.23,2015,Apr,4,Mon,1
10863,HILAA,4,02-02-2015,03-02-2015,2/17/2015,2,30.26,2015,Apr,4,Mon,1
10864,AROUT,4,02-02-2015,03-02-2015,02-09-2015,2,3.04,2015,Apr,4,Mon,1
10865,QUICK,2,02-02-2015,2/16/2015,02-12-2015,1,348.14,2015,Apr,4,Mon,1
10866,BERGS,5,02-03-2015,03-03-2015,02-12-2015,1,109.11,2015,Apr,4,Tue,2
10867,LONEP,6,02-03-2015,3/17/2015,02-11-2015,1,1.93,2015,Apr,4,Tue,2
10868,QUEEN,7,02-04-2015,03-04-2015,2/23/2015,2,191.27,2015,Apr,4,Tue,2
10869,SEVES,5,02-04-2015,03-04-2015,02-09-2015,1,143.28,2015,Apr,4,Wed,3
10870,WOLZA,5,02-04-2015,03-04-2015,2/13/2015,3,12.04,2015,Apr,4,Wed,3
10871,BONAP,9,02-05-2015,03-05-2015,02-10-2015,2,112.27,2015,Apr,4,Wed,3
10872,GODOS,5,02-05-2015,03-05-2015,02-09-2015,2,175.32,2015,Apr,4,Thu,4
10873,WILMK,4,02-06-2015,03-06-2015,02-09-2015,1,0.82,2015,Apr,4,Thu,4
10874,GODOS,5,02-06-2015,03-06-2015,02-11-2015,2,19.58,2015,Apr,4,Thu,4
10875,BERGS,4,02-06-2015,03-06-2015,03-03-2015,2,32.37,2015,Apr,4,Thu,4
10876,BONAP,7,02-09-2015,03-09-2015,02-12-2015,3,60.42,2015,Apr,4,Fri,5
10877,RICAR,1,02-09-2015,03-09-2015,2/19/2015,1,38.06,2015,Apr,4,Fri,5
10878,QUICK,4,02-10-2015,03-10-2015,02-12-2015,1,46.69,2015,Apr,4,Fri,5
10879,WILMK,3,02-10-2015,03-10-2015,02-12-2015,3,8.5,2015,Apr,4,Mon,1
10880,FOLKO,7,02-10-2015,3/24/2015,2/18/2015,1,88.01,2015,Apr,4,Mon,1
10881,CACTU,4,02-11-2015,03-11-2015,2/18/2015,1,2.84,2015,Apr,4,Mon,1
10882,SAVEA,4,02-11-2015,03-11-2015,2/20/2015,3,23.1,2015,Apr,4,Tue,2
10883,LONEP,8,02-12-2015,03-12-2015,2/20/2015,3,0.53,2015,Apr,4,Tue,2
10884,LETSS,4,02-12-2015,03-12-2015,2/13/2015,2,90.97,2015,Apr,4,Tue,2
10885,SUPRD,6,02-12-2015,03-12-2015,2/18/2015,3,5.64,2015,Apr,4,Tue,2
10886,HANAR,1,2/13/2015,3/13/2015,03-02-2015,1,4.99,2015,Apr,4,Wed,3
10887,GALED,8,2/13/2015,3/13/2015,2/16/2015,3,1.25,2015,Apr,4,Wed,3
10888,GODOS,1,2/16/2015,3/16/2015,2/23/2015,2,51.87,2015,Apr,4,Wed,3
10889,RATTC,9,2/16/2015,3/16/2015,2/23/2015,3,280.61,2015,Apr,4,Thu,4
10890,DUMON,7,2/16/2015,3/16/2015,2/18/2015,1,32.76,2015,Apr,4,Thu,4
10891,LEHMS,7,2/17/2015,3/17/2015,2/19/2015,2,20.37,2015,Apr,4,Thu,4
10892,MAISD,4,2/17/2015,3/17/2015,2/19/2015,2,120.27,2015,Apr,4,Fri,5
10893,KOENE,9,2/18/2015,3/18/2015,2/20/2015,2,77.78,2015,Apr,4,Fri,5
10894,SAVEA,1,2/18/2015,3/18/2015,2/20/2015,1,116.13,2015,Apr,4,Fri,5
10895,ERNSH,3,2/18/2015,3/18/2015,2/23/2015,1,162.75,2015,Apr,4,Fri,5
10896,MAISD,7,2/19/2015,3/19/2015,2/27/2015,3,32.45,2015,Apr,4,Mon,1
10897,HUNGO,3,2/19/2015,3/19/2015,2/25/2015,2,603.54,2015,Apr,4,Mon,1
10898,OCEAN,4,2/20/2015,3/20/2015,03-06-2015,2,1.27,2015,Apr,4,Mon,1
10899,LILAS,5,2/20/2015,3/20/2015,2/26/2015,3,1.21,2015,Apr,4,Tue,2
10900,WELLI,1,2/20/2015,3/20/2015,03-04-2015,2,1.66,2015,Apr,4,Tue,2
10901,HILAA,4,2/23/2015,3/23/2015,2/26/2015,1,62.09,2015,Apr,4,Tue,2
10902,FOLKO,1,2/23/2015,3/23/2015,03-03-2015,1,44.15,2015,Apr,4,Wed,3
10903,HANAR,3,2/24/2015,3/24/2015,03-04-2015,3,36.71,2015,Apr,4,Wed,3
10904,WHITC,3,2/24/2015,3/24/2015,2/27/2015,3,162.95,2015,Apr,4,Wed,3
10905,WELLI,9,2/24/2015,3/24/2015,03-06-2015,2,13.72,2015,Apr,4,Wed,3
10906,WOLZA,4,2/25/2015,03-11-2015,03-03-2015,3,26.29,2015,Apr,4,Thu,4
10907,SPECD,6,2/25/2015,3/25/2015,2/27/2015,3,9.19,2015,Apr,4,Thu,4
10908,REGGC,4,2/26/2015,3/26/2015,03-06-2015,2,32.96,2015,Apr,4,Thu,4
10909,SANTG,1,2/26/2015,3/26/2015,03-10-2015,2,53.05,2015,Apr,4,Fri,5
10910,WILMK,1,2/26/2015,3/26/2015,03-04-2015,3,38.11,2015,Apr,4,Fri,5
10911,GODOS,3,2/26/2015,3/26/2015,03-05-2015,1,38.19,2015,Apr,4,Fri,5
10912,HUNGO,2,2/26/2015,3/26/2015,3/18/2015,2,580.91,2015,Apr,4,Mon,1
10913,QUEEN,4,2/26/2015,3/26/2015,03-04-2015,1,33.05,2015,Apr,4,Mon,1
10914,QUEEN,6,2/27/2015,3/27/2015,03-02-2015,1,21.19,2015,Apr,4,Mon,1
10915,TORTU,2,2/27/2015,3/27/2015,03-02-2015,2,3.51,2015,Apr,4,Mon,1
10916,RANCH,1,2/27/2015,3/27/2015,03-09-2015,2,63.77,2015,Apr,4,Tue,2
10917,ROMEY,4,03-02-2015,3/30/2015,03-11-2015,2,8.29,2015,Apr,4,Tue,2
10918,BOTTM,3,03-02-2015,3/30/2015,03-11-2015,3,48.83,2015,Apr,4,Tue,2
10919,LINOD,2,03-02-2015,3/30/2015,03-04-2015,2,19.8,2015,Apr,4,Wed,3
10920,AROUT,4,03-03-2015,3/31/2015,03-09-2015,2,29.61,2015,Apr,4,Wed,3
10921,VAFFE,1,03-03-2015,4/14/2015,03-09-2015,1,176.48,2015,Apr,4,Wed,3
10922,HANAR,5,03-03-2015,3/31/2015,03-05-2015,3,62.74,2015,Apr,4,Thu,4
10923,LAMAI,7,03-03-2015,4/14/2015,3/13/2015,3,68.26,2015,Apr,4,Thu,4
10924,BERGS,3,03-04-2015,04-01-2015,04-08-2015,2,151.52,2015,Apr,4,Thu,4
10925,HANAR,3,03-04-2015,04-01-2015,3/13/2015,1,2.27,2015,Apr,4,Thu,4
10926,ANATR,4,03-04-2015,04-01-2015,03-11-2015,3,39.92,2013,Jul,7,Thu,4
10927,LACOR,4,03-05-2015,04-02-2015,04-08-2015,1,19.79,2013,Jul,7,Fri,5
10928,GALED,1,03-05-2015,04-02-2015,3/18/2015,1,1.36,2013,Jul,7,Mon,1
10929,FRANK,6,03-05-2015,04-02-2015,03-12-2015,1,33.93,2013,Jul,7,Mon,1
10930,SUPRD,4,03-06-2015,4/17/2015,3/18/2015,3,15.55,2013,Jul,7,Tue,2
10931,RICSU,4,03-06-2015,3/20/2015,3/19/2015,2,13.6,2013,Jul,7,Wed,3
10932,BONAP,8,03-06-2015,04-03-2015,3/24/2015,1,134.64,2013,Jul,7,Thu,4
10933,ISLAT,6,03-06-2015,04-03-2015,3/16/2015,3,54.15,2013,Jul,7,Fri,5
10934,LEHMS,3,03-09-2015,04-06-2015,03-12-2015,3,32.01,2013,Jul,7,Mon,1
10935,WELLI,4,03-09-2015,04-06-2015,3/18/2015,3,47.59,2013,Jul,7,Tue,2
10936,GREAL,3,03-09-2015,04-06-2015,3/18/2015,2,33.68,2013,Jul,7,Wed,3
10937,CACTU,7,03-10-2015,3/24/2015,3/13/2015,3,31.51,2013,Jul,7,Thu,4
10938,QUICK,3,03-10-2015,04-07-2015,3/16/2015,2,31.89,2013,Jul,7,Fri,5
10939,MAGAA,2,03-10-2015,04-07-2015,3/13/2015,2,76.33,2013,Jul,7,Fri,5
10940,BONAP,8,03-11-2015,04-08-2015,3/23/2015,3,19.77,2013,Jul,7,Mon,1
10941,SAVEA,7,03-11-2015,04-08-2015,3/20/2015,2,400.81,2013,Jul,7,Tue,2
10942,REGGC,9,03-11-2015,04-08-2015,3/18/2015,3,17.95,2013,Jul,7,Wed,3
10943,BSBEV,4,03-11-2015,04-08-2015,3/19/2015,2,2.17,2013,Jul,7,Thu,4
10944,BOTTM,6,03-12-2015,3/26/2015,3/13/2015,3,52.92,2013,Jul,7,Fri,5
10945,MORGK,4,03-12-2015,04-09-2015,3/18/2015,1,10.22,2013,Jul,7,Mon,1
10946,VAFFE,1,03-12-2015,04-09-2015,3/19/2015,2,27.2,2013,Jul,7,Tue,2
10947,BSBEV,3,3/13/2015,04-10-2015,3/16/2015,2,3.26,2013,Jul,7,Wed,3
10948,GODOS,3,3/13/2015,04-10-2015,3/19/2015,3,23.39,2013,Aug,8,Thu,4
10949,BOTTM,2,3/13/2015,04-10-2015,3/17/2015,3,74.44,2013,Aug,8,Thu,4
10950,MAGAA,1,3/16/2015,4/13/2015,3/23/2015,2,2.5,2013,Aug,8,Fri,5
10951,RICSU,9,3/16/2015,4/27/2015,04-07-2015,2,30.85,2013,Aug,8,Mon,1
10952,ALFKI,1,3/16/2015,4/27/2015,3/24/2015,1,40.42,2013,Aug,8,Tue,2
10953,AROUT,9,3/16/2015,3/30/2015,3/25/2015,2,23.72,2013,Aug,8,Wed,3
10954,LINOD,5,3/17/2015,4/28/2015,3/20/2015,1,27.91,2013,Aug,8,Thu,4
10955,FOLKO,8,3/17/2015,4/14/2015,3/20/2015,2,3.26,2013,Aug,8,Fri,5
10956,BLAUS,6,3/17/2015,4/28/2015,3/20/2015,2,44.65,2013,Aug,8,Mon,1
10957,HILAA,8,3/18/2015,4/15/2015,3/27/2015,3,105.36,2013,Aug,8,Tue,2
10958,OCEAN,7,3/18/2015,4/15/2015,3/27/2015,2,49.56,2013,Aug,8,Wed,3
10959,GOURL,6,3/18/2015,4/29/2015,3/23/2015,2,4.98,2013,Aug,8,Wed,3
10960,HILAA,3,3/19/2015,04-02-2015,04-08-2015,1,2.08,2013,Aug,8,Thu,4
10961,QUEEN,8,3/19/2015,4/16/2015,3/30/2015,1,104.47,2013,Aug,8,Fri,5
10962,QUICK,8,3/19/2015,4/16/2015,3/23/2015,2,275.79,2013,Aug,8,Mon,1
10963,FURIB,9,3/19/2015,4/16/2015,3/26/2015,3,2.7,2013,Aug,8,Tue,2
10964,SPECD,3,3/20/2015,4/17/2015,3/24/2015,2,87.38,2013,Aug,8,Wed,3
10965,OLDWO,6,3/20/2015,4/17/2015,3/30/2015,3,144.38,2013,Aug,8,Thu,4
10966,CHOPS,4,3/20/2015,4/17/2015,04-08-2015,1,27.19,2013,Aug,8,Fri,5
10967,TOMSP,2,3/23/2015,4/20/2015,04-02-2015,2,62.22,2013,Aug,8,Mon,1
10968,ERNSH,1,3/23/2015,4/20/2015,04-01-2015,3,74.6,2013,Aug,8,Tue,2
10969,COMMI,1,3/23/2015,4/20/2015,3/30/2015,2,0.21,2013,Aug,8,Tue,2
10970,BOLID,9,3/24/2015,04-07-2015,4/24/2015,1,16.16,2013,Aug,8,Wed,3
10971,FRANR,2,3/24/2015,4/21/2015,04-02-2015,2,121.82,2013,Aug,8,Thu,4
10972,LACOR,4,3/24/2015,4/21/2015,3/26/2015,2,0.02,2013,Aug,8,Fri,5
10973,LACOR,6,3/24/2015,4/21/2015,3/27/2015,2,15.17,2013,Sep,9,Mon,1
10974,SPLIR,3,3/25/2015,04-08-2015,04-03-2015,3,12.96,2013,Sep,9,Tue,2
10975,BOTTM,1,3/25/2015,4/22/2015,3/27/2015,3,32.27,2013,Sep,9,Wed,3
10976,HILAA,1,3/25/2015,05-06-2015,04-03-2015,1,37.97,2013,Sep,9,Thu,4
10977,FOLKO,8,3/26/2015,4/23/2015,04-10-2015,3,208.5,2013,Sep,9,Fri,5
10978,MAISD,9,3/26/2015,4/23/2015,4/23/2015,2,32.82,2013,Sep,9,Mon,1
10979,ERNSH,8,3/26/2015,4/23/2015,3/31/2015,2,353.07,2013,Sep,9,Mon,1
10980,FOLKO,4,3/27/2015,05-08-2015,4/17/2015,1,1.26,2013,Sep,9,Tue,2
10981,HANAR,1,3/27/2015,4/24/2015,04-02-2015,2,193.37,2013,Sep,9,Wed,3
10982,BOTTM,2,3/27/2015,4/24/2015,04-08-2015,1,14.01,2013,Sep,9,Thu,4
10983,SAVEA,2,3/27/2015,4/24/2015,04-06-2015,2,657.54,2013,Sep,9,Fri,5
10984,SAVEA,1,3/30/2015,4/27/2015,04-03-2015,3,211.22,2013,Sep,9,Mon,1
10985,HUNGO,2,3/30/2015,4/27/2015,04-02-2015,1,91.51,2013,Sep,9,Tue,2
10986,OCEAN,8,3/30/2015,4/27/2015,4/21/2015,2,217.86,2013,Sep,9,Wed,3
10987,EASTC,8,3/31/2015,4/28/2015,04-06-2015,1,185.48,2013,Sep,9,Thu,4
10988,RATTC,3,3/31/2015,4/28/2015,04-10-2015,2,61.14,2013,Sep,9,Fri,5
10989,QUEDE,2,3/31/2015,4/28/2015,04-02-2015,1,34.76,2013,Sep,9,Fri,5
10990,ERNSH,2,04-01-2015,5/13/2015,04-07-2015,3,117.61,2013,Sep,9,Mon,1
10991,QUICK,1,04-01-2015,4/29/2015,04-07-2015,1,38.51,2013,Sep,9,Tue,2
10992,THEBI,1,04-01-2015,4/29/2015,04-03-2015,3,4.27,2013,Sep,9,Wed,3
10993,FOLKO,7,04-01-2015,4/29/2015,04-10-2015,3,8.81,2013,Sep,9,Thu,4
10994,VAFFE,2,04-02-2015,4/16/2015,04-09-2015,3,65.53,2013,Sep,9,Fri,5
10995,PERIC,1,04-02-2015,4/30/2015,04-06-2015,3,46,2013,Sep,9,Mon,1
10996,QUICK,4,04-02-2015,4/30/2015,04-10-2015,2,1.12,2013,Oct,10,Tue,2
10997,LILAS,8,04-03-2015,5/15/2015,4/13/2015,2,73.91,2013,Oct,10,Wed,3
10998,WOLZA,8,04-03-2015,4/17/2015,4/17/2015,2,20.31,2013,Oct,10,Thu,4
10999,OTTIK,6,04-03-2015,05-01-2015,04-10-2015,2,96.35,2013,Oct,10,Thu,4
11000,RATTC,2,04-06-2015,05-04-2015,4/14/2015,3,55.12,2013,Oct,10,Fri,5
11001,FOLKO,2,04-06-2015,05-04-2015,4/14/2015,2,197.3,2013,Oct,10,Mon,1
11002,SAVEA,4,04-06-2015,05-04-2015,4/16/2015,1,141.16,2013,Oct,10,Tue,2
11003,THECR,3,04-06-2015,05-04-2015,04-08-2015,3,14.91,2013,Oct,10,Wed,3
11004,MAISD,3,04-07-2015,05-05-2015,4/20/2015,1,44.84,2013,Oct,10,Thu,4
11005,WILMK,2,04-07-2015,05-05-2015,04-10-2015,1,0.75,2013,Oct,10,Fri,5
11006,GREAL,3,04-07-2015,05-05-2015,4/15/2015,2,25.19,2013,Oct,10,Mon,1
11007,PRINI,8,04-08-2015,05-06-2015,4/13/2015,2,202.24,2013,Oct,10,Tue,2
11008,ERNSH,7,04-08-2015,05-06-2015,,3,79.46,2013,Oct,10,Wed,3
11009,GODOS,2,04-08-2015,05-06-2015,04-10-2015,1,59.11,2013,Oct,10,Wed,3
11010,REGGC,2,04-09-2015,05-07-2015,4/21/2015,2,28.71,2013,Oct,10,Thu,4
11011,ALFKI,3,04-09-2015,05-07-2015,4/13/2015,1,1.21,2013,Oct,10,Fri,5
11012,FRANK,1,04-09-2015,4/23/2015,4/17/2015,3,242.95,2013,Oct,10,Mon,1
11013,ROMEY,2,04-09-2015,05-07-2015,04-10-2015,1,32.99,2013,Oct,10,Tue,2
11014,LINOD,2,04-10-2015,05-08-2015,4/15/2015,3,23.6,2013,Oct,10,Wed,3
11015,SANTG,2,04-10-2015,4/24/2015,4/20/2015,2,4.62,2013,Oct,10,Thu,4
11016,AROUT,9,04-10-2015,05-08-2015,4/13/2015,2,33.8,2013,Oct,10,Fri,5
11017,ERNSH,9,4/13/2015,05-11-2015,4/20/2015,2,754.26,2013,Oct,10,Mon,1
11018,LONEP,4,4/13/2015,05-11-2015,4/16/2015,2,11.65,2013,Oct,10,Tue,2
11019,RANCH,6,4/13/2015,05-11-2015,,3,3.17,2013,Oct,10,Tue,2
11020,OTTIK,2,4/14/2015,05-12-2015,4/16/2015,2,43.3,2013,Oct,10,Wed,3
11021,QUICK,3,4/14/2015,05-12-2015,4/21/2015,1,297.18,2013,Oct,10,Thu,4
11022,HANAR,9,4/14/2015,05-12-2015,05-04-2015,2,6.27,2013,Nov,11,Fri,5
11023,BSBEV,1,4/14/2015,4/28/2015,4/24/2015,2,123.83,2013,Nov,11,Mon,1
11024,EASTC,4,4/15/2015,5/13/2015,4/20/2015,1,74.36,2013,Nov,11,Tue,2
11025,WARTH,6,4/15/2015,5/13/2015,4/24/2015,3,29.17,2013,Nov,11,Wed,3
11026,FRANS,4,4/15/2015,5/13/2015,4/28/2015,1,47.09,2013,Nov,11,Thu,4
11027,BOTTM,1,4/16/2015,5/14/2015,4/20/2015,1,52.52,2013,Nov,11,Fri,5
11028,KOENE,2,4/16/2015,5/14/2015,4/22/2015,1,29.59,2013,Nov,11,Mon,1
11029,CHOPS,4,4/16/2015,5/14/2015,4/27/2015,1,47.84,2013,Nov,11,Mon,1
11030,SAVEA,7,4/17/2015,5/15/2015,4/27/2015,2,830.75,2013,Nov,11,Tue,2
11031,SAVEA,6,4/17/2015,5/15/2015,4/24/2015,2,227.22,2013,Nov,11,Wed,3
11032,WHITC,2,4/17/2015,5/15/2015,4/23/2015,3,606.19,2013,Nov,11,Thu,4
11033,RICSU,7,4/17/2015,5/15/2015,4/23/2015,3,84.74,2013,Nov,11,Fri,5
11034,OLDWO,8,4/20/2015,06-01-2015,4/27/2015,1,40.32,2013,Nov,11,Mon,1
11035,SUPRD,2,4/20/2015,5/18/2015,4/24/2015,2,0.17,2013,Nov,11,Tue,2
11036,DRACD,8,4/20/2015,5/18/2015,4/22/2015,3,149.47,2013,Nov,11,Wed,3
11037,GODOS,7,4/21/2015,5/19/2015,4/27/2015,1,3.2,2013,Nov,11,Thu,4
11038,SUPRD,1,4/21/2015,5/19/2015,4/30/2015,2,29.59,2013,Nov,11,Fri,5
11039,LINOD,1,4/21/2015,5/19/2015,,2,65,2013,Nov,11,Fri,5
11040,GREAL,4,4/22/2015,5/20/2015,,3,18.84,2013,Nov,11,Mon,1
11041,CHOPS,3,4/22/2015,5/20/2015,4/28/2015,2,48.22,2013,Nov,11,Tue,2
11042,COMMI,2,4/22/2015,05-06-2015,05-01-2015,1,29.99,2013,Nov,11,Tue,2
11043,SPECD,5,4/22/2015,5/20/2015,4/29/2015,2,8.8,2013,Nov,11,Wed,3
11044,WOLZA,4,4/23/2015,5/21/2015,05-01-2015,1,8.72,2013,Nov,11,Thu,4
11045,BOTTM,6,4/23/2015,5/21/2015,,2,70.58,2013,Nov,11,Thu,4
11046,WANDK,8,4/23/2015,5/21/2015,4/24/2015,2,71.64,2013,Nov,11,Fri,5
11047,EASTC,7,4/24/2015,5/22/2015,05-01-2015,3,46.62,2013,Dec,12,Mon,1
11048,BOTTM,7,4/24/2015,5/22/2015,4/30/2015,3,24.12,2013,Dec,12,Tue,2
11049,GOURL,3,4/24/2015,5/22/2015,05-04-2015,1,8.34,2013,Dec,12,Tue,2
11050,FOLKO,8,4/27/2015,5/25/2015,05-05-2015,2,59.41,2013,Dec,12,Wed,3
11051,LAMAI,7,4/27/2015,5/25/2015,,3,2.79,2013,Dec,12,Thu,4
11052,HANAR,3,4/27/2015,5/25/2015,05-01-2015,1,67.26,2013,Dec,12,Thu,4
11053,PICCO,2,4/27/2015,5/25/2015,4/29/2015,2,53.05,2013,Dec,12,Fri,5
11054,CACTU,8,4/28/2015,5/26/2015,,1,0.33,2013,Dec,12,Mon,1
11055,HILAA,7,4/28/2015,5/26/2015,05-05-2015,2,120.92,2013,Dec,12,Mon,1
11056,EASTC,8,4/28/2015,05-12-2015,05-01-2015,2,278.96,2013,Dec,12,Tue,2
11057,NORTS,3,4/29/2015,5/27/2015,05-01-2015,3,4.13,2013,Dec,12,Wed,3
11058,BLAUS,9,4/29/2015,5/27/2015,,3,31.14,2013,Dec,12,Thu,4
11059,RICAR,2,4/29/2015,06-10-2015,,2,85.8,2013,Dec,12,Thu,4
11060,FRANS,2,4/30/2015,5/28/2015,05-04-2015,2,10.98,2013,Dec,12,Fri,5
11061,GREAL,4,4/30/2015,06-11-2015,,3,14.01,2013,Dec,12,Mon,1
11062,REGGC,4,4/30/2015,5/28/2015,,2,29.93,2013,Dec,12,Mon,1
11063,HUNGO,3,4/30/2015,5/28/2015,05-06-2015,2,81.73,2013,Dec,12,Tue,2
11064,SAVEA,1,05-01-2015,5/29/2015,05-04-2015,1,30.09,2013,Dec,12,Wed,3
11065,LILAS,8,05-01-2015,5/29/2015,,1,12.91,2013,Dec,12,Wed,3
11066,WHITC,7,05-01-2015,5/29/2015,05-04-2015,2,44.72,2013,Dec,12,Thu,4
11067,DRACD,1,05-04-2015,5/18/2015,05-06-2015,2,7.98,2013,Dec,12,Fri,5
11068,QUEEN,8,05-04-2015,06-01-2015,,2,81.75,2013,Dec,12,Mon,1
11069,TORTU,1,05-04-2015,06-01-2015,05-06-2015,2,15.67,2013,Dec,12,Mon,1
11070,LEHMS,2,05-05-2015,06-02-2015,,1,136,2013,Dec,12,Tue,2
11071,LILAS,1,05-05-2015,06-02-2015,,1,0.93,2013,Dec,12,Wed,3
11072,ERNSH,4,05-05-2015,06-02-2015,,2,258.64,2013,Dec,12,Wed,3
11073,PERIC,2,05-05-2015,06-02-2015,,2,24.95,2013,Dec,12,Thu,4
11074,SIMOB,7,05-06-2015,06-03-2015,,2,18.44,2013,Dec,12,Fri,5
11075,RICSU,8,05-06-2015,06-03-2015,,2,6.19,2013,Dec,12,Fri,5
11076,BONAP,4,05-06-2015,06-03-2015,,2,38.28,2013,Dec,12,Mon,1
11077,RATTC,1,05-06-2015,06-03-2015,,2,8.53,2013,Dec,12,Tue,2
